Collect Date,Collection Device,DOC,DON,NOX,TN,NH4,TP,FRP,TSS
2/10/2004,Autosampler (discrete),,,,3.1,,0.009,,1
8/10/2004,Autosampler (discrete),,,,2.8,,0.01,,1
3/01/2006,Autosampler (discrete),,,,0.43,,0.013,,1
3/02/2005,Autosampler (discrete),,,,1.6,,0.015,,1
15/05/2005,Autosampler (discrete),,,,2.3,,0.017,,1
10/09/2006,Autosampler (discrete),,,,1.4,,0.018,,1
3/02/2007,Autosampler (discrete),,,,0.54,,0.042,,1
10/04/2007,Autosampler (discrete),,,,0.4,,0.043,,1
20/01/2007,Autosampler (discrete),,,,0.53,,0.048,,1
24/02/2007,Autosampler (discrete),,,,0.54,,0.048,,1
12/03/2007,Autosampler (discrete),,,,0.81,,0.049,,1
26/02/2007,Autosampler (discrete),,,,0.59,,0.067,,1
23/01/2006,Autosampler (discrete),,,,1.9,,0.51,,1
17/02/2005,Autosampler (discrete),,,,1.8,,,,1
3/04/2006,Autosampler (discrete),,,,0.18,,0.01,,2
27/12/2005,Autosampler (discrete),,,,0.22,,0.011,,2
13/12/2005,Autosampler (discrete),,,,0.3,,0.011,,2
11/04/2006,Autosampler (discrete),,,,0.15,,0.013,,2
10/01/2006,Autosampler (discrete),,,,0.4,,0.013,,2
27/01/2005,Autosampler (discrete),,,,1.2,,0.013,,2
15/10/2004,Autosampler (discrete),,,,2.2,,0.013,,2
24/01/2005,Autosampler (discrete),,,,0.99,,0.014,,2
6/12/2005,Autosampler (discrete),,,,0.31,,0.015,,2
14/03/2006,Autosampler (discrete),,,,0.35,,0.015,,2
20/12/2005,Autosampler (discrete),,,,0.33,,0.016,,2
28/12/2004,Autosampler (discrete),,,,2.6,,0.017,,2
27/04/2005,Autosampler (discrete),,,,0.5,,0.018,,2
29/10/2005,Autosampler (discrete),,,,0.48,,0.019,,2
4/11/2005,Autosampler (discrete),,,,0.37,,0.021,,2
9/03/2006,Autosampler (discrete),,,,0.4,,0.022,,2
26/04/2007,Autosampler (discrete),,,,0.52,,0.022,,2
14/07/2005,Autosampler (discrete),,,,0.89,,0.026,,2
15/05/2007,Autosampler (discrete),,,,2.2,,0.026,,2
20/02/2006,Autosampler (discrete),,,,0.47,,0.027,,2
17/03/2005,Autosampler (discrete),,,,1,,0.027,,2
21/10/2006,Autosampler (discrete),,,,1,,0.028,,2
3/08/2006,Autosampler (discrete),,,,0.79,,0.036,,2
6/08/2004,Autosampler (discrete),,,,1.2,,0.037,,2
7/06/2006,Autosampler (discrete),,,,1.3,,0.037,,2
14/04/2007,Autosampler (discrete),,,,0.44,,0.04,,2
6/01/2007,Autosampler (discrete),,,,0.67,,0.047,,2
29/01/2007,Autosampler (discrete),,,,0.56,,0.048,,2
17/03/2007,Autosampler (discrete),,,,0.75,,0.053,,2
4/03/2005,Autosampler (discrete),,,,0.51,,0.055,,2
29/06/2006,Autosampler (discrete),,,,1.7,,0.055,,2
18/04/2007,Autosampler (discrete),,,,0.77,,0.057,,2
15/01/2007,Autosampler (discrete),,,,0.62,,0.062,,2
3/03/2007,Autosampler (discrete),,,,0.67,,0.087,,2
11/08/2004,Autosampler (discrete),,,,5.3,,0.006,,3
13/09/2004,Autosampler (discrete),,,,1.3,,0.007,,3
24/03/2005,Autosampler (discrete),,,,1,,0.01,,3
17/08/2004,Autosampler (discrete),,,,3.8,,0.01,,3
15/09/2004,Autosampler (discrete),,,,1.4,,0.011,,3
29/05/2005,Autosampler (discrete),,,,1.6,,0.011,,3
20/10/2004,Autosampler (discrete),,,,1.7,,0.011,,3
3/09/2006,Autosampler (discrete),,,,2.4,,0.011,,3
28/07/2005,Autosampler (discrete),,,,0.55,,0.014,,3
11/01/2006,Autosampler (discrete),,,,0.26,,0.015,,3
11/09/2006,Autosampler (discrete),,,,1.3,,0.015,,3
3/03/2005,Autosampler (discrete),,,,1.7,,0.015,,3
9/05/2006,Autosampler (discrete),,,,0.44,,0.021,,3
22/10/2005,Autosampler (discrete),,,,0.54,,0.021,,3
29/06/2005,Autosampler (discrete),,,,0.95,,0.022,,3
15/10/2005,Autosampler (discrete),,,,0.55,,0.023,,3
27/09/2006,Autosampler (discrete),,,,0.79,,0.023,,3
19/09/2006,Autosampler (discrete),,,,1.2,,0.028,,3
29/04/2007,Autosampler (discrete),,,,0.58,,0.037,,3
24/07/2006,Autosampler (discrete),,,,1,,0.037,,3
2/05/2006,Autosampler (discrete),,,,1.1,,0.045,,3
12/07/2006,Autosampler (discrete),,,,1.3,,0.046,,3
7/05/2007,Autosampler (discrete),,,,0.86,,0.052,,3
31/01/2006,Autosampler (discrete),,,,0.48,,0.053,,3
18/12/2006,Autosampler (discrete),,,,0.83,,0.053,,3
2/01/2007,Autosampler (discrete),,,,0.74,,0.059,,3
20/04/2007,Autosampler (discrete),,,,0.58,,0.061,,3
7/04/2007,Autosampler (discrete),,,,0.55,,0.066,,3
31/05/2006,Autosampler (discrete),,,,2.4,,0.066,,3
14/06/2006,Autosampler (discrete),,,,2.2,,0.086,,3
17/02/2007,Autosampler (discrete),,,,0.82,,0.096,,3
2/05/2005,Autosampler (discrete),,,,1.2,,0.12,,3
24/09/2004,Autosampler (discrete),,,,0.82,,0.01,,4
5/06/2005,Autosampler (discrete),,,,1.4,,0.01,,4
28/02/2006,Autosampler (discrete),,,,0.61,,0.011,,4
7/06/2005,Autosampler (discrete),,,,1.3,,0.011,,4
21/06/2005,Autosampler (discrete),,,,1.4,,0.013,,4
20/07/2005,Autosampler (discrete),,,,0.67,,0.014,,4
21/10/2004,Autosampler (discrete),,,,0.94,,0.014,,4
7/09/2006,Autosampler (discrete),,,,1.6,,0.016,,4
24/01/2006,Autosampler (discrete),,,,0.31,,0.018,,4
7/07/2005,Autosampler (discrete),,,,1.1,,0.021,,4
16/07/2005,Autosampler (discrete),,,,0.8,,0.023,,4
1/05/2007,Autosampler (discrete),,,,0.66,,0.024,,4
15/12/2004,Autosampler (discrete),,,,1.5,,0.027,,4
11/10/2006,Autosampler (discrete),,,,1.1,,0.034,,4
19/02/2007,Autosampler (discrete),,,,0.55,,0.042,,4
10/02/2006,Autosampler (discrete),,,,0.52,,0.043,,4
10/03/2007,Autosampler (discrete),,,,0.57,,0.045,,4
13/01/2007,Autosampler (discrete),,,,0.57,,0.048,,4
17/01/2006,Autosampler (discrete),,,,0.32,,0.051,,4
11/11/2006,Autosampler (discrete),,,,1,,0.054,,4
3/07/2006,Autosampler (discrete),,,,1.7,,0.1,,4
10/09/2004,Autosampler (discrete),,,,0.83,,0.01,,5
13/09/2005,Autosampler (discrete),,,,0.55,,0.011,,5
31/03/2005,Autosampler (discrete),,,,1.3,,0.013,,5
17/10/2004,Autosampler (discrete),,,,1.3,,0.014,,5
4/08/2005,Autosampler (discrete),,,,0.76,,0.023,,5
20/01/2005,Autosampler (discrete),,,,2.9,,0.023,,5
14/10/2006,Autosampler (discrete),,,,0.82,,0.027,,5
4/07/2005,Autosampler (discrete),,,,1.2,,0.029,,5
25/04/2006,Autosampler (discrete),,,,0.48,,0.031,,5
10/03/2005,Autosampler (discrete),,,,0.95,,0.033,,5
25/09/2006,Autosampler (discrete),,,,1.2,,0.033,,5
25/07/2006,Autosampler (discrete),,,,0.71,,0.035,,5
28/10/2006,Autosampler (discrete),,,,1.2,,0.039,,5
22/06/2005,Autosampler (discrete),,,,1.3,,0.04,,5
5/02/2007,Autosampler (discrete),,,,0.73,,0.052,,5
27/01/2007,Autosampler (discrete),,,,0.68,,0.053,,5
22/10/2004,Autosampler (discrete),,,,1.4,,0.066,,5
12/09/2004,Autosampler (discrete),,,,1.4,,0.01,,6
2/09/2005,Autosampler (discrete),,,,0.55,,0.013,,6
20/09/2005,Autosampler (discrete),,,,0.49,,0.014,,6
26/10/2004,Autosampler (discrete),,,,2.1,,0.022,,6
26/07/2006,Autosampler (discrete),,,,0.69,,0.025,,6
26/06/2005,Autosampler (discrete),,,,1,,0.025,,6
23/09/2005,Autosampler (discrete),,,,0.55,,0.028,,6
22/05/2007,Autosampler (discrete),,,,2.4,,0.033,,6
12/08/2006,Autosampler (discrete),,,,1.2,,0.036,,6
8/05/2007,Autosampler (discrete),,,,0.77,,0.037,,6
24/10/2006,Autosampler (discrete),,,,1,,0.037,,6
20/11/2006,Autosampler (discrete),,,,0.72,,0.046,,6
8/01/2007,Autosampler (discrete),,,,0.64,,0.047,,6
6/10/2006,Autosampler (discrete),,,,1.5,,0.051,,6
6/03/2007,Autosampler (discrete),,,,0.62,,0.055,,6
29/07/2006,Autosampler (discrete),,,,1.3,,0.056,,6
7/12/2004,Autosampler (discrete),,,,2.7,,0.005,,7
30/11/2004,Autosampler (discrete),,,,1.8,,0.006,,7
8/11/2004,Autosampler (discrete),,,,1.4,,0.011,,7
13/08/2005,Autosampler (discrete),,,,0.44,,0.014,,7
25/07/2005,Autosampler (discrete),,,,0.55,,0.015,,7
24/07/2005,Autosampler (discrete),,,,0.71,,0.018,,7
8/04/2005,Autosampler (discrete),,,,0.37,,0.019,,7
10/02/2005,Autosampler (discrete),,,,1.6,,0.024,,7
30/09/2005,Autosampler (discrete),,,,0.59,,0.026,,7
8/08/2006,Autosampler (discrete),,,,0.77,,0.032,,7
28/05/2007,Autosampler (discrete),,,,2.3,,0.034,,7
4/12/2006,Autosampler (discrete),,,,0.66,,0.037,,7
18/11/2006,Autosampler (discrete),,,,1,,0.046,,7
24/03/2007,Autosampler (discrete),,,,0.84,,0.05,,7
18/09/2004,Autosampler (discrete),,,,2,,0.006,,8
16/08/2005,Autosampler (discrete),,,,0.4,,0.012,,8
11/08/2005,Autosampler (discrete),,,,0.59,,0.012,,8
7/03/2006,Autosampler (discrete),,,,0.35,,0.015,,8
18/04/2006,Autosampler (discrete),,,,0.31,,0.018,,8
16/05/2005,Autosampler (discrete),,,,2.3,,0.022,,8
18/05/2005,Autosampler (discrete),,,,2.1,,0.028,,8
6/10/2005,Autosampler (discrete),,,,0.5,,0.032,,8
6/11/2006,Autosampler (discrete),,,,0.8,,0.04,,8
9/05/2005,Autosampler (discrete),,,,3.4,,0.041,,8
25/11/2006,Autosampler (discrete),,,,0.95,,0.055,,8
28/08/2006,Autosampler (discrete),,,,3.1,,0.005,,9
16/09/2005,Autosampler (discrete),,,,0.55,,0.012,,9
6/04/2005,Autosampler (discrete),,,,1,,0.019,,9
26/08/2005,Autosampler (discrete),,,,0.91,,0.022,,9
22/11/2005,Autosampler (discrete),,,,0.51,,0.028,,9
23/06/2005,Autosampler (discrete),,,,1.3,,0.036,,9
31/05/2007,Autosampler (discrete),,,,2.2,,0.043,,9
4/11/2006,Autosampler (discrete),,,,1.1,,0.047,,9
6/09/2005,Autosampler (discrete),,,,0.46,,0.013,,10
27/11/2004,Autosampler (discrete),,,,7.6,,0.013,,10
8/09/2005,Autosampler (discrete),,,,0.61,,0.015,,10
7/04/2005,Autosampler (discrete),,,,0.45,,0.016,,10
7/09/2004,Autosampler (discrete),,,,0.76,,0.016,,10
15/06/2005,Autosampler (discrete),,,,1.2,,0.018,,10
4/11/2004,Autosampler (discrete),,,,2.6,,0.018,,10
24/05/2005,Autosampler (discrete),,,,2,,0.024,,10
7/10/2006,Autosampler (discrete),,,,0.83,,0.028,,10
30/03/2007,Autosampler (discrete),,,,0.66,,0.041,,10
14/06/2005,Autosampler (discrete),,,,1.2,,0.041,,10
10/09/2005,Autosampler (discrete),,,,0.59,,0.015,,11
13/01/2005,Autosampler (discrete),,,,3,,0.031,,11
14/12/2004,Autosampler (discrete),,,,10,,1.4,,11
29/10/2004,Autosampler (discrete),,,,1.5,,0.019,,12
17/08/2006,Autosampler (discrete),,,,0.9,,0.031,,12
10/02/2007,Autosampler (discrete),,,,0.62,,0.053,,12
21/04/2007,Autosampler (discrete),,,,1.3,,0.085,,12
17/05/2005,Autosampler (discrete),,,,2.4,,0.026,,13
23/08/2004,Autosampler (discrete),,,,4.1,,0.029,,13
23/12/2006,Autosampler (discrete),,,,0.94,,0.058,,13
8/10/2005,Autosampler (discrete),,,,0.53,,0.016,,14
9/09/2005,Autosampler (discrete),,,,0.81,,0.032,,14
24/04/2007,Autosampler (discrete),,,,1.5,,0.1,,14
23/05/2005,Autosampler (discrete),,,,1.6,,0.026,,15
8/05/2005,Autosampler (discrete),,,,3.8,,0.049,,15
29/12/2006,Autosampler (discrete),,,,0.78,,0.055,,15
15/08/2006,Autosampler (discrete),,,,1.2,,0.042,,16
13/06/2005,Autosampler (discrete),,,,1,,0.028,,18
21/05/2005,Autosampler (discrete),,,,1.8,,0.028,,18
30/12/2006,Autosampler (discrete),,,,0.65,,0.029,,18
19/08/2005,Autosampler (discrete),,,,0.5,,0.018,,19
31/08/2004,Autosampler (discrete),,,,3.1,,0.021,,19
27/08/2006,Autosampler (discrete),,,,2.8,,0.034,,19
8/06/2005,Autosampler (discrete),,,,1.5,,0.042,,19
13/12/2006,Autosampler (discrete),,,,0.97,,0.06,,20
12/06/2005,Autosampler (discrete),,,,1.3,,0.059,,22
4/05/2005,Autosampler (discrete),,,,1.3,,0.041,,23
22/08/2005,Autosampler (discrete),,,,1,,0.06,,23
5/09/2006,Autosampler (discrete),,,,2.2,,0.023,,26
22/05/2005,Autosampler (discrete),,,,1.7,,0.031,,26
22/08/2006,Autosampler (discrete),,,,1.2,,0.045,,27
24/06/2005,Autosampler (discrete),,,,1.3,,0.086,,28
20/05/2005,Autosampler (discrete),,,,1.7,,0.043,,29
9/06/2005,Autosampler (discrete),,,,1.7,,0.097,,29
6/05/2005,Autosampler (discrete),,,,3.6,,0.058,,32
7/05/2005,Autosampler (discrete),,,,4.4,,0.069,,36
20/08/2005,Autosampler (discrete),,,,0.59,,0.027,,44
25/08/2006,Autosampler (discrete),,,,1.2,,0.053,,44
10/06/2005,Autosampler (discrete),,,,1.8,,0.13,,44
16/12/2006,Autosampler (discrete),,,,1.1,,0.067,,45
18/08/2005,Autosampler (discrete),,,,1,,0.096,,55
24/08/2004,Autosampler (discrete),,,,1.6,,0.077,,60
21/08/2005,Autosampler (discrete),,,,0.84,,0.036,,63
23/08/2006,Autosampler (discrete),,,,2.7,,0.18,,64
19/05/2005,Autosampler (discrete),,,,2.5,,0.16,,67
19/08/2006,Autosampler (discrete),,,,0.94,,0.026,,73
5/05/2005,Autosampler (discrete),,,,1.3,,0.068,,77
4/01/2005,Autosampler (discrete),,,,2.8,,0.009,,
21/12/2004,Autosampler (discrete),,,,2.8,,0.011,,
1/05/2005,Autosampler (discrete),,,,0.62,,0.015,,
4/04/2006,Autosampler (discrete),,,,0.32,,0.016,,
22/09/2012,Autosampler (discrete),,,,0.57,,0.006,,
26/06/2017,Autosampler (discrete),,,,0.879,,0.006,,
23/08/2007,Autosampler (discrete),,,,1.1,,0.006,,
27/06/2017,Autosampler (discrete),,,,1.69,,0.006,,
16/07/2007,Autosampler (discrete),,,,2.3,,0.008,,
13/08/2015,Autosampler (discrete),,,,0.67,,0.009,,
18/09/2011,Autosampler (discrete),,,,0.77,,0.01,,
20/08/2015,Autosampler (discrete),,,,0.57,,0.011,,
28/07/2017,Autosampler (discrete),,,,0.938,,0.011,,
9/09/2012,Autosampler (discrete),,,,0.47,,0.012,,
25/06/2017,Autosampler (discrete),,,,0.831,,0.012,,
16/07/2015,Autosampler (discrete),,,,0.43,,0.013,,
27/09/2012,Autosampler (discrete),,,,0.64,,0.013,,
21/09/2011,Autosampler (discrete),,,,0.72,,0.013,,
16/12/2011,Autosampler (discrete),,,,0.67,,0.014,,
25/07/2017,Autosampler (discrete),,,,0.76,,0.014,,
4/07/2017,Autosampler (discrete),,,,1.82,,0.014,,
22/06/2015,Autosampler (discrete),,,,0.47,,0.015,,
7/09/2012,Autosampler (discrete),,,,0.56,,0.015,,
12/06/2012,Autosampler (discrete),,,,0.61,,0.015,,
8/09/2015,Autosampler (discrete),,,,0.61,,0.015,,
13/09/2011,Autosampler (discrete),,,,0.8,,0.015,,
27/07/2017,Autosampler (discrete),,,,0.853,,0.015,,
12/09/2007,Autosampler (discrete),,,,0.77,,0.016,,
25/07/2011,Autosampler (discrete),,,,2.4,,0.017,,
18/01/2008,Autosampler (discrete),,,,0.14,,0.018,,
4/06/2015,Autosampler (discrete),,,,0.41,,0.018,,
7/08/2016,Autosampler (discrete),,,,0.63,,0.018,,
12/09/2012,Autosampler (discrete),,,,0.71,,0.018,,
11/09/2007,Autosampler (discrete),,,,0.95,,0.018,,
13/08/2007,Autosampler (discrete),,,,1.5,,0.018,,
26/06/2015,Autosampler (discrete),,,,0.41,,0.019,,
11/09/2013,Autosampler (discrete),,,,0.54,,0.019,,
8/10/2007,Autosampler (discrete),,,,0.55,,0.019,,
5/09/2013,Autosampler (discrete),,,,0.6,,0.019,,
14/09/2012,Autosampler (discrete),,,,0.62,,0.019,,
27/08/2012,Autosampler (discrete),,,,0.74,,0.019,,
7/09/2011,Autosampler (discrete),,,,1.1,,0.019,,
19/01/2018,Autosampler (discrete),,,,1.28,,0.019,,
21/09/2012,Autosampler (discrete),,,,0.65,,0.02,,
19/09/2011,Autosampler (discrete),,,,0.82,,0.02,,
1/08/2017,Autosampler (discrete),,,,0.971,,0.02,,
31/01/2008,Autosampler (discrete),,,,0.38,,0.021,,
14/10/2007,Autosampler (discrete),,,,0.6,,0.021,,
22/08/2015,Autosampler (discrete),,,,0.68,,0.021,,
26/08/2007,Autosampler (discrete),,,,0.91,,0.021,,
17/06/2016,Autosampler (discrete),,,,0.91,,0.021,,
23/10/2007,Autosampler (discrete),,,,0.97,,0.021,,
12/08/2017,Autosampler (discrete),,,,1.03,,0.021,,
28/07/2014,Autosampler (discrete),,,,1.1,,0.021,,
19/08/2007,Autosampler (discrete),,,,1.5,,0.021,,
28/06/2011,Autosampler (discrete),,,,2.5,,0.021,,
24/01/2016,Autosampler (discrete),,,,0.32,,0.022,,
8/09/2012,Autosampler (discrete),,,,0.5,,0.022,,
24/07/2013,Autosampler (discrete),,,,0.59,,0.022,,
23/08/2012,Autosampler (discrete),,,,0.77,,0.022,,
26/07/2017,Autosampler (discrete),,,,1,,0.022,,
16/07/2011,Autosampler (discrete),,,,3.8,,0.022,,
23/01/2016,Autosampler (discrete),,,,0.43,,0.023,,
24/09/2009,Autosampler (discrete),,,,0.6,,0.023,,
13/10/2007,Autosampler (discrete),,,,0.66,,0.023,,
25/06/2011,Autosampler (discrete),,,,0.85,,0.023,,
14/08/2012,Autosampler (discrete),,,,0.95,,0.023,,
29/07/2017,Autosampler (discrete),,,,0.975,,0.023,,
4/12/2007,Autosampler (discrete),,,,0.45,,0.024,,
16/09/2012,Autosampler (discrete),,,,0.57,,0.024,,
3/09/2014,Autosampler (discrete),,,,0.7,,0.024,,
27/08/2007,Autosampler (discrete),,,,1,,0.024,,
4/08/2017,Autosampler (discrete),,,,1.26,,0.024,,
12/08/2009,Autosampler (discrete),,,,2.1,,0.024,,
29/07/2013,Autosampler (discrete),,,,0.81,,0.025,,
11/09/2014,Autosampler (discrete),,,,0.84,,0.025,,
8/09/2007,Autosampler (discrete),,,,1.1,,0.025,,
25/07/2014,Autosampler (discrete),,,,1.1,,0.025,,
14/08/2017,Autosampler (discrete),,,,1.1,,0.025,,
8/08/2017,Autosampler (discrete),,,,1.36,,0.025,,
30/06/2011,Autosampler (discrete),,,,2,,0.025,,
24/08/2015,Autosampler (discrete),,,,0.6,,0.026,,
9/08/2015,Autosampler (discrete),,,,0.7,,0.026,,
25/09/2013,Autosampler (discrete),,,,0.76,,0.026,,
6/06/2016,Autosampler (discrete),,,,0.87,,0.026,,
28/09/2013,Autosampler (discrete),,,,0.89,,0.026,,
18/06/2016,Autosampler (discrete),,,,0.93,,0.026,,
22/08/2012,Autosampler (discrete),,,,0.97,,0.026,,
2/10/2007,Autosampler (discrete),,,,1,,0.026,,
26/08/2011,Autosampler (discrete),,,,1,,0.026,,
5/08/2017,Autosampler (discrete),,,,1.28,,0.026,,
21/02/2008,Autosampler (discrete),,,,0.42,,0.027,,
2/10/2014,Autosampler (discrete),,,,0.65,,0.027,,
4/08/2016,Autosampler (discrete),,,,0.65,,0.027,,
27/09/2013,Autosampler (discrete),,,,0.81,,0.027,,
1/09/2007,Autosampler (discrete),,,,0.89,,0.027,,
26/01/2018,Autosampler (discrete),,,,1.52,,0.027,,
9/08/2007,Autosampler (discrete),,,,2.1,,0.027,,
12/07/2015,Autosampler (discrete),,,,0.42,,0.028,,
13/09/2009,Autosampler (discrete),,,,0.59,,0.028,,
29/10/2007,Autosampler (discrete),,,,0.65,,0.028,,
11/09/2012,Autosampler (discrete),,,,0.67,,0.028,,
11/09/2009,Autosampler (discrete),,,,0.8,,0.028,,
19/08/2014,Autosampler (discrete),,,,1,,0.028,,
15/08/2017,Autosampler (discrete),,,,1.19,,0.028,,
19/08/2011,Autosampler (discrete),,,,1.9,,0.028,,
28/07/2011,Autosampler (discrete),,,,2.3,,0.028,,
11/10/2007,Autosampler (discrete),,,,0.69,,0.029,,
7/11/2007,Autosampler (discrete),,,,0.73,,0.029,,
16/09/2009,Autosampler (discrete),,,,0.77,,0.029,,
30/07/2017,Autosampler (discrete),,,,0.946,,0.029,,
18/08/2014,Autosampler (discrete),,,,1,,0.029,,
21/08/2014,Autosampler (discrete),,,,1,,0.029,,
21/10/2007,Autosampler (discrete),,,,1.1,,0.029,,
6/08/2007,Autosampler (discrete),,,,2,,0.029,,
25/11/2007,Autosampler (discrete),,,,0.6,,0.03,,
29/08/2014,Autosampler (discrete),,,,0.66,,0.03,,
26/09/2013,Autosampler (discrete),,,,0.72,,0.03,,
29/08/2007,Autosampler (discrete),,,,0.79,,0.03,,
21/09/2013,Autosampler (discrete),,,,0.83,,0.03,,
6/09/2014,Autosampler (discrete),,,,0.89,,0.03,,
17/09/2007,Autosampler (discrete),,,,1,,0.03,,
14/06/2007,Autosampler (discrete),,,,1.1,,0.03,,
13/08/2017,Autosampler (discrete),,,,1.18,,0.03,,
17/08/2009,Autosampler (discrete),,,,1.2,,0.03,,
26/09/2007,Autosampler (discrete),,,,1.4,,0.03,,
30/07/2007,Autosampler (discrete),,,,1.7,,0.03,,
24/07/2009,Autosampler (discrete),,,,2.1,,0.03,,
14/08/2011,Autosampler (discrete),,,,3,,0.03,,
9/12/2007,Autosampler (discrete),,,,0.44,,0.031,,
12/05/2008,Autosampler (discrete),,,,0.82,,0.031,,
14/09/2007,Autosampler (discrete),,,,0.92,,0.031,,
20/06/2007,Autosampler (discrete),,,,1.3,,0.031,,
23/08/2009,Autosampler (discrete),,,,1.8,,0.031,,
22/07/2007,Autosampler (discrete),,,,2.3,,0.031,,
25/07/2009,Autosampler (discrete),,,,3,,0.031,,
22/04/2008,Autosampler (discrete),,,,0.51,,0.032,,
16/12/2007,Autosampler (discrete),,,,0.57,,0.032,,
30/07/2013,Autosampler (discrete),,,,0.74,,0.032,,
14/08/2014,Autosampler (discrete),,,,1,,0.032,,
5/06/2007,Autosampler (discrete),,,,1.9,,0.032,,
13/07/2009,Autosampler (discrete),,,,3.5,,0.032,,
7/04/2008,Autosampler (discrete),,,,0.63,,0.033,,
1/09/2014,Autosampler (discrete),,,,0.7,,0.033,,
25/09/2014,Autosampler (discrete),,,,0.76,,0.033,,
28/09/2014,Autosampler (discrete),,,,0.81,,0.033,,
15/10/2007,Autosampler (discrete),,,,0.96,,0.033,,
29/05/2016,Autosampler (discrete),,,,1.1,,0.033,,
2/09/2009,Autosampler (discrete),,,,1.2,,0.033,,
3/08/2017,Autosampler (discrete),,,,1.24,,0.033,,
2/07/2011,Autosampler (discrete),,,,1.6,,0.033,,
18/08/2011,Autosampler (discrete),,,,2.1,,0.033,,
15/08/2011,Autosampler (discrete),,,,2.4,,0.033,,
5/08/2011,Autosampler (discrete),,,,2.5,,0.033,,
23/12/2007,Autosampler (discrete),,,,0.52,,0.034,,
26/11/2007,Autosampler (discrete),,,,0.7,,0.034,,
2/12/2006,Autosampler (discrete),,,,1.1,,0.034,,
6/07/2007,Autosampler (discrete),,,,1.1,,0.034,,
21/07/2008,Autosampler (discrete),,,,1.2,,0.034,,
7/08/2013,Autosampler (discrete),,,,1.3,,0.034,,
6/01/2008,Autosampler (discrete),,,,0.51,,0.035,,
31/12/2007,Autosampler (discrete),,,,0.52,,0.035,,
11/11/2007,Autosampler (discrete),,,,0.73,,0.035,,
11/08/2016,Autosampler (discrete),,,,0.83,,0.035,,
15/06/2012,Autosampler (discrete),,,,1.1,,0.035,,
4/09/2014,Autosampler (discrete),,,,1.1,,0.035,,
29/07/2008,Autosampler (discrete),,,,1.5,,0.035,,
6/06/2007,Autosampler (discrete),,,,2,,0.035,,
28/10/2007,Autosampler (discrete),,,,0.92,,0.036,,
25/08/2011,Autosampler (discrete),,,,1.2,,0.036,,
22/08/2011,Autosampler (discrete),,,,1.5,,0.036,,
20/02/2008,Autosampler (discrete),,,,0.57,,0.037,,
12/10/2007,Autosampler (discrete),,,,0.58,,0.037,,
26/01/2016,Autosampler (discrete),,,,0.77,,0.037,,
31/05/2016,Autosampler (discrete),,,,0.89,,0.037,,
20/08/2009,Autosampler (discrete),,,,1.7,,0.037,,
24/08/2016,Autosampler (discrete),,,,0.78,,0.038,,
21/11/2007,Autosampler (discrete),,,,0.83,,0.038,,
14/08/2016,Autosampler (discrete),,,,0.9,,0.038,,
8/09/2009,Autosampler (discrete),,,,1,,0.038,,
16/07/2017,Autosampler (discrete),,,,1.22,,0.038,,
25/01/2008,Autosampler (discrete),,,,0.37,,0.039,,
4/11/2007,Autosampler (discrete),,,,0.79,,0.039,,
18/11/2007,Autosampler (discrete),,,,0.8,,0.039,,
19/07/2008,Autosampler (discrete),,,,0.83,,0.039,,
2/09/2011,Autosampler (discrete),,,,1.2,,0.039,,
26/06/2007,Autosampler (discrete),,,,1.3,,0.039,,
28/07/2008,Autosampler (discrete),,,,1.4,,0.039,,
30/07/2008,Autosampler (discrete),,,,1.5,,0.039,,
2/08/2017,Autosampler (discrete),,,,1.09,,0.04,,
17/08/2013,Autosampler (discrete),,,,1.2,,0.04,,
24/07/2008,Autosampler (discrete),,,,1.3,,0.04,,
2/12/2007,Autosampler (discrete),,,,0.63,,0.041,,
17/09/2013,Autosampler (discrete),,,,0.79,,0.041,,
12/09/2014,Autosampler (discrete),,,,0.81,,0.041,,
29/06/2009,Autosampler (discrete),,,,1.3,,0.041,,
16/08/2009,Autosampler (discrete),,,,1.3,,0.041,,
18/08/2009,Autosampler (discrete),,,,1.4,,0.041,,
31/07/2007,Autosampler (discrete),,,,1.8,,0.041,,
14/02/2008,Autosampler (discrete),,,,0.48,,0.042,,
11/02/2008,Autosampler (discrete),,,,0.5,,0.042,,
26/07/2008,Autosampler (discrete),,,,1.3,,0.042,,
1/08/2007,Autosampler (discrete),,,,1.9,,0.042,,
21/08/2009,Autosampler (discrete),,,,1.9,,0.042,,
3/08/2007,Autosampler (discrete),,,,2,,0.042,,
3/07/2009,Autosampler (discrete),,,,3.5,,0.042,,
22/08/2014,Autosampler (discrete),,,,0.87,,0.043,,
19/05/2008,Autosampler (discrete),,,,1.4,,0.043,,
3/07/2011,Autosampler (discrete),,,,2.3,,0.043,,
31/08/2016,Autosampler (discrete),,,,0.74,,0.044,,
28/08/2007,Autosampler (discrete),,,,1.1,,0.044,,
9/08/2017,Autosampler (discrete),,,,1.4,,0.044,,
23/07/2008,Autosampler (discrete),,,,1.5,,0.044,,
28/07/2007,Autosampler (discrete),,,,1.6,,0.044,,
4/08/2011,Autosampler (discrete),,,,2.3,,0.044,,
15/09/2007,Autosampler (discrete),,,,0.93,,0.045,,
23/09/2013,Autosampler (discrete),,,,0.98,,0.045,,
31/07/2008,Autosampler (discrete),,,,1.5,,0.045,,
2/08/2007,Autosampler (discrete),,,,1.9,,0.045,,
1/07/2009,Autosampler (discrete),,,,2.2,,0.045,,
29/06/2011,Autosampler (discrete),,,,2.4,,0.045,,
13/01/2008,Autosampler (discrete),,,,0.57,,0.046,,
27/09/2014,Autosampler (discrete),,,,0.86,,0.046,,
27/01/2016,Autosampler (discrete),,,,1.1,,0.046,,
8/07/2007,Autosampler (discrete),,,,2.5,,0.046,,
30/12/2007,Autosampler (discrete),,,,0.6,,0.047,,
12/08/2016,Autosampler (discrete),,,,0.95,,0.047,,
29/07/2007,Autosampler (discrete),,,,1.7,,0.047,,
1/07/2011,Autosampler (discrete),,,,2,,0.047,,
14/07/2009,Autosampler (discrete),,,,3.3,,0.047,,
11/08/2007,Autosampler (discrete),,,,1.6,,0.048,,
19/06/2007,Autosampler (discrete),,,,1.8,,0.048,,
1/08/2011,Autosampler (discrete),,,,1.9,,0.048,,
9/08/2013,Autosampler (discrete),,,,1.2,,0.049,,
2/08/2008,Autosampler (discrete),,,,1.7,,0.049,,
4/07/2011,Autosampler (discrete),,,,2.7,,0.049,,
7/02/2008,Autosampler (discrete),,,,0.51,,0.05,,
10/08/2016,Autosampler (discrete),,,,1,,0.05,,
3/08/2008,Autosampler (discrete),,,,1.7,,0.05,,
17/08/2016,Autosampler (discrete),,,,1.1,,0.051,,
4/08/2008,Autosampler (discrete),,,,2,,0.051,,
5/11/2017,Autosampler (discrete),,,,0.582,,0.052,,
19/03/2008,Autosampler (discrete),,,,0.64,,0.052,,
27/08/2016,Autosampler (discrete),,,,0.9,,0.052,,
21/08/2016,Autosampler (discrete),,,,0.97,,0.053,,
15/08/2013,Autosampler (discrete),,,,1.3,,0.054,,
21/06/2014,Autosampler (discrete),,,,1.9,,0.054,,
20/08/2016,Autosampler (discrete),,,,0.95,,0.055,,
1/09/2012,Autosampler (discrete),,,,0.81,,0.056,,
22/07/2016,Autosampler (discrete),,,,0.84,,0.056,,
19/07/2009,Autosampler (discrete),,,,2.4,,0.056,,
17/07/2016,Autosampler (discrete),,,,0.92,,0.057,,
22/01/2018,Autosampler (discrete),,,,2.17,,0.057,,
28/01/2016,Autosampler (discrete),,,,2.5,,0.057,,
17/06/2012,Autosampler (discrete),,,,1.3,,0.058,,
8/09/2017,Autosampler (discrete),,,,0.932,,0.059,,
8/08/2016,Autosampler (discrete),,,,1.3,,0.059,,
9/07/2007,Autosampler (discrete),,,,2.6,,0.059,,
4/09/2013,Autosampler (discrete),,,,0.95,,0.062,,
30/08/2007,Autosampler (discrete),,,,1.1,,0.062,,
31/08/2013,Autosampler (discrete),,,,1.3,,0.062,,
25/01/2016,Autosampler (discrete),,,,1.4,,0.063,,
30/07/2011,Autosampler (discrete),,,,2.1,,0.063,,
26/03/2008,Autosampler (discrete),,,,0.54,,0.064,,
5/09/2012,Autosampler (discrete),,,,1,,0.064,,
14/07/2016,Autosampler (discrete),,,,1.4,,0.064,,
12/09/2009,Autosampler (discrete),,,,1,,0.067,,
3/07/2007,Autosampler (discrete),,,,1.7,,0.068,,
26/07/2016,Autosampler (discrete),,,,0.92,,0.069,,
10/08/2017,Autosampler (discrete),,,,1.17,,0.069,,
15/08/2009,Autosampler (discrete),,,,1.6,,0.07,,
11/09/2016,Autosampler (discrete),,,,0.81,,0.072,,
10/07/2009,Autosampler (discrete),,,,5.7,,0.073,,
14/05/2015,Autosampler (discrete),,,,0.51,,0.074,,
4/09/2012,Autosampler (discrete),,,,1,,0.074,,
28/08/2016,Autosampler (discrete),,,,1.1,,0.074,,
6/07/2014,Autosampler (discrete),,,,1.4,,0.075,,
25/07/2007,Autosampler (discrete),,,,1.6,,0.076,,
31/07/2011,Autosampler (discrete),,,,2.1,,0.076,,
2/08/2011,Autosampler (discrete),,,,1.9,,0.077,,
27/07/2014,Autosampler (discrete),,,,1.5,,0.079,,
23/07/2009,Autosampler (discrete),,,,1.9,,0.08,,
31/05/2011,Autosampler (discrete),,,,1.1,,0.082,,
31/08/2014,Autosampler (discrete),,,,1.2,,0.082,,
9/10/2007,Autosampler (discrete),,,,0.83,,0.083,,
18/07/2008,Autosampler (discrete),,,,1.2,,0.083,,
23/05/2016,Autosampler (discrete),,,,1.3,,0.093,,
27/07/2013,Autosampler (discrete),,,,1.6,,0.093,,
10/08/2007,Autosampler (discrete),,,,2.2,,0.094,,
12/09/2013,Autosampler (discrete),,,,1,,0.096,,
24/07/2007,Autosampler (discrete),,,,1.9,,0.097,,
31/01/2016,Autosampler (discrete),,,,4.1,,0.098,,
31/07/2016,Autosampler (discrete),,,,1.1,,0.1,,
30/08/2014,Autosampler (discrete),,,,1.3,,0.1,,
30/08/2013,Autosampler (discrete),,,,0.9,,0.11,,
8/08/2013,Autosampler (discrete),,,,1.9,,0.11,,
14/08/2009,Autosampler (discrete),,,,2,,0.11,,
13/08/2013,Autosampler (discrete),,,,1.4,,0.12,,
16/07/2008,Autosampler (discrete),,,,2.3,,0.13,,
21/09/2009,Autosampler (discrete),,,,1.3,,0.14,,
18/08/2016,Autosampler (discrete),,,,1.8,,0.14,,
20/07/2009,Autosampler (discrete),,,,2.6,,0.14,,
18/09/2009,Autosampler (discrete),,,,1.5,,0.15,,
22/06/2014,Autosampler (discrete),,,,2.5,,0.16,,
6/07/2017,Autosampler (discrete),,,,1.6,,0.17,,
11/08/2017,Autosampler (discrete),,,,1.1,,0.274,,
26/02/2008,Autosampler (discrete),,,,1.5,,0.28,,
12/08/2007,Autosampler (discrete),,,,2.7,,0.79,,
11/08/2013,Autosampler (discrete),,,,1.4,,1.1,,
24/09/2017,Autosampler (discrete),,,,0.552,,,,
25/09/2017,Autosampler (discrete),,,,0.582,,,,
4/10/2017,Autosampler (discrete),,,,0.696,,,,
23/07/2017,Autosampler (discrete),,,,0.754,,,,
24/07/2017,Autosampler (discrete),,,,0.783,,,,
30/09/2017,Autosampler (discrete),,,,0.838,,,,
3/08/2010,Container,10,0.47,,0.89,0.028,0.013,0.005,1
25/10/2016,Container,9,0.44,0.042,0.52,0.032,0.014,0.006,1
22/11/2016,Container,8,0.29,,0.34,0.017,0.009,0.007,1
14/09/2011,Container,11,0.65,,0.9,0.011,0.014,0.007,1
19/07/2005,Container,,,0.34,0.79,0.039,0.014,0.007,1
19/03/2007,Container,2,0.37,,0.38,,0.014,0.007,1
27/09/2016,Container,10,0.45,,0.49,0.019,0.008,0.008,1
17/03/2010,Container,3,0.15,,0.31,,0.016,0.008,1
2/12/2005,Container,,,0.026,0.27,0.019,0.022,0.008,1
18/01/2017,Container,6,0.29,,0.33,,0.01,0.009,1
2/08/2016,Container,11,0.41,0.088,0.54,0.019,0.013,0.009,1
20/06/2016,Container,13,0.52,,0.83,0.028,0.013,0.009,1
7/12/2016,Container,8,0.37,,0.57,0.015,0.011,0.01,1
7/02/2006,Container,,,,0.28,,0.018,0.01,1
19/07/2016,Container,11,0.44,,0.62,0.029,0.015,0.011,1
23/01/2007,Container,4,0.15,,0.19,0.014,0.005,,1
30/04/2007,Container,2,0.28,,0.38,0.014,0.006,,1
14/01/2014,Container,5,0.26,,0.31,,0.006,,1
11/02/2014,Container,5,0.26,,0.3,,0.007,,1
10/12/2013,Container,7,0.34,,0.37,,0.009,,1
4/01/2017,Container,7,0.4,,0.4,,0.009,,1
9/01/2008,Container,4,0.18,,0.26,,0.01,,1
31/01/2017,Container,5,0.21,,0.23,0.011,0.012,,1
25/10/2011,Container,8,0.46,,0.61,0.014,0.012,,1
15/04/2009,Container,4,0.18,,0.22,,0.012,,1
13/05/2014,Container,4,0.21,,0.37,0.047,0.013,,1
20/01/2010,Container,4,0.2,,0.27,,0.013,,1
24/06/2009,Container,6,0.48,,0.64,0.011,0.014,,1
12/05/2009,Container,3,0.033,,0.096,0.016,0.014,,1
4/10/2005,Container,,,0.035,0.4,0.026,0.014,,1
16/02/2010,Container,4,0.23,,0.27,,0.014,,1
31/08/2010,Container,7,0.37,0.061,0.48,0.028,0.015,,1
8/03/2011,Container,5,0.31,,0.39,,0.015,,1
22/11/2011,Container,10,0.53,,0.63,,0.015,,1
11/10/2011,Container,8,0.46,,0.61,0.013,0.016,,1
18/02/2009,Container,6,0.21,,0.29,,0.018,,1
5/02/2008,Container,4,0.23,,0.53,,0.018,,1
9/11/2010,Container,5,0.29,,0.37,,0.02,,1
7/12/2010,Container,6,0.24,,0.3,0.017,0.023,,1
13/04/2010,Container,12,0.68,,1,0.055,0.027,,1
14/10/2005,Container,,,,0.4,,0.009,,1
14/12/2005,Container,,,,0.18,,0.012,,1
29/12/2005,Container,,,,0.19,,0.013,,1
5/12/2005,Container,,,,0.34,,0.014,,1
8/11/2005,Container,,,,0.32,,0.015,,1
29/11/2005,Container,,,,0.3,,0.018,,1
6/07/2005,Container,,,,1.1,,0.022,,1
16/05/2006,Container,,,,0.18,,,,1
27/08/2013,Container,11,0.56,,0.81,0.018,0.011,0.005,2
11/10/2016,Container,10,0.38,0.032,0.46,0.024,0.015,0.005,2
1/04/2008,Container,4,0.18,,0.26,0.012,0.03,0.005,2
13/09/2016,Container,11,0.46,0.033,0.53,0.017,0.011,0.006,2
18/07/2006,Container,6,0.23,,0.36,0.026,0.019,0.01,2
30/05/2016,Container,13,0.66,,0.88,0.024,0.015,0.011,2
17/10/2006,Container,5,0.24,,0.33,0.021,0.006,,2
4/07/2016,Container,11,0.42,,0.61,0.018,0.009,,2
4/06/2014,Container,8,0.35,,0.57,0.034,0.01,,2
2/09/2008,Container,11,0.47,,0.59,,0.01,,2
14/10/2008,Container,5,0.33,0.069,0.52,,0.011,,2
3/10/2007,Container,6,0.51,,0.78,,0.011,,2
21/12/2009,Container,5,0.42,,0.47,,0.012,,2
28/03/2006,Container,,,,0.23,,0.013,,2
17/03/2009,Container,5,0.21,,0.28,,0.014,,2
17/12/2007,Container,6,0.25,,0.46,,0.014,,2
23/11/2009,Container,6,0.3,0.066,0.39,0.012,0.015,,2
19/11/2008,Container,2,0.33,,0.47,0.01,0.016,,2
27/03/2017,Container,20,0.99,0.13,1.2,0.035,0.016,,2
19/05/2010,Container,13,0.79,,1.3,0.038,0.016,,2
23/06/2008,Container,10,0.5,,0.99,0.026,0.019,,2
21/01/2009,Container,6,0.29,,0.36,,0.02,,2
5/03/2008,Container,4,0.11,,0.22,,0.021,,2
5/04/2011,Container,4,0.14,,0.25,,0.024,,2
21/03/2006,Container,,,,0.3,,0.012,,2
3/03/2006,Container,,,,0.31,,0.012,,2
24/05/2006,Container,,,,0.4,,0.015,,2
24/10/2005,Container,,,,0.39,,0.019,,2
15/02/2006,Container,,,,0.31,,0.02,,2
30/01/2006,Container,,,,0.61,,0.034,,2
15/06/2006,Container,,,,0.41,,,,2
6/09/2006,Container,7,0.44,,1.7,0.036,0.005,0.005,3
10/09/2013,Container,10,0.5,,0.63,0.02,0.009,0.005,3
25/06/2007,Container,8,0.49,,0.67,,0.01,0.005,3
9/07/2008,Container,4,0.51,,0.98,,0.017,0.005,3
21/02/2006,Container,,,,0.37,0.023,0.021,0.006,3
27/10/2005,Container,,,0.058,0.36,0.042,0.019,0.009,3
18/10/2005,Container,,,0.043,0.39,0.013,0.02,0.011,3
16/08/2016,Container,12,0.52,0.27,0.84,0.025,0.02,0.012,3
21/08/2007,Container,9,0.52,,1,,0.007,,3
22/10/2013,Container,10,0.5,,0.59,,0.009,,3
24/10/2007,Container,15,0.47,,0.6,,0.01,,3
1/10/2008,Container,4,0.32,,0.38,,0.011,,3
21/06/2011,Container,11,0.53,,0.67,0.028,0.013,,3
28/10/2008,Container,8,0.39,,0.53,,0.017,,3
9/06/2010,Container,12,0.67,,0.84,0.011,0.018,,3
17/12/2008,Container,6,0.31,,0.4,,0.02,,3
28/10/2009,Container,7,0.38,,0.5,0.011,0.024,,3
19/04/2006,Container,,,,0.15,,0.009,,3
3/06/2005,Container,,,,1.4,,0.012,,3
5/08/2005,Container,,,,0.47,,0.016,,3
20/04/2005,Container,,,,0.23,,0.017,,3
30/08/2016,Container,12,0.54,0.13,0.74,0.024,0.02,0.008,4
17/08/2010,Container,9,0.4,0.14,0.58,0.029,0.013,0.009,4
28/09/2011,Container,9,0.45,,0.78,0.018,0.018,0.013,4
13/11/2006,Container,4,0.61,,0.7,0.013,0.008,,4
19/08/2008,Container,10,0.52,,1.1,0.018,0.015,,4
20/07/2010,Container,10,0.4,,0.9,0.021,0.016,,4
5/05/2008,Container,7,0.32,,0.35,,0.023,,4
11/06/2008,Container,13,0.73,0.86,1.8,0.068,0.027,,4
21/09/2005,Container,,,,0.52,,0.017,,4
12/04/2006,Container,,,,0.23,,0.027,,4
27/05/2008,Container,7,0.46,,0.88,0.023,0.021,0.006,5
8/10/2014,Container,9,0.48,,0.57,0.02,0.018,0.009,5
9/10/2013,Container,12,0.59,,0.69,0.013,0.01,,5
31/10/2006,Container,6,0.21,,0.26,0.027,0.01,,5
2/08/2006,Container,7,0.41,,0.64,0.044,0.015,,5
28/11/2006,Container,6,0.19,,0.22,,0.016,,5
3/08/2005,Container,,,0.14,0.59,0.024,0.019,,5
29/09/2010,Container,7,0.29,,0.38,,0.019,,5
15/11/2007,Container,7,0.35,,0.43,,0.019,,5
17/11/2005,Container,,,,0.39,,0.021,,5
15/11/2005,Container,,,,0.42,,0.024,,5
10/05/2005,Container,,,,3,,0.039,,5
6/11/2013,Container,9,0.54,,0.55,,0.014,0.007,6
8/03/2006,Container,,,,0.33,,0.019,0.007,6
5/09/2007,Container,8,0.69,,0.97,,0.021,0.009,6
15/07/2009,Container,10,0.34,,3.1,0.022,0.012,0.01,6
1/09/2009,Container,11,0.62,,1.2,0.021,0.013,,6
12/10/2010,Container,6,0.37,,0.54,,0.023,,6
30/08/2011,Container,13,0.65,,1.2,0.01,0.025,,6
26/06/2006,Container,,,,0.26,,0.009,,6
1/05/2006,Container,,,,0.3,,0.014,,6
27/05/2005,Container,,,,1.9,,0.023,,6
23/07/2007,Container,11,0.78,,1.6,0.047,0.022,0.005,7
29/07/2009,Container,12,0.88,,4,0.033,0.021,0.007,7
30/08/2005,Container,,,0.23,0.66,0.023,0.016,0.01,7
30/05/2007,Container,13,1.2,,2.5,0.47,0.029,0.006,8
15/09/2009,Container,8,0.59,,0.7,0.013,0.043,0.012,9
8/11/2011,Container,8,0.48,,0.74,0.012,0.025,,10
24/08/2005,Container,,,,0.99,,0.027,,10
17/08/2011,Container,12,0.84,,2.1,0.022,0.034,0.006,11
19/09/2007,Container,10,0.59,,0.79,,0.029,,11
10/07/2007,Container,13,0.13,,1.4,0.048,0.027,0.008,12
16/08/2006,Container,8,0.42,,0.73,0.044,0.02,,12
24/09/2013,Container,13,0.65,,0.77,0.025,0.024,0.008,13
22/07/2014,Container,13,0.81,,1.4,0.035,0.035,0.013,13
5/07/2011,Container,14,0.43,,3.6,0.052,0.033,0.019,13
5/08/2008,Container,16,0.99,,1.8,,0.034,,13
19/12/2011,Container,19,0.78,,2.6,0.047,0.046,,13
31/07/2013,Container,9,0.39,,0.63,0.013,0.012,0.006,14
19/07/2011,Container,12,0.68,,3.6,0.026,0.022,0.016,14
19/08/2009,Container,13,0.69,,1.7,0.032,0.042,,14
29/08/2004,Container,,,,0.94,,0.027,,16
7/08/2007,Container,14,1,,2,0.042,0.046,0.008,18
17/08/2005,Container,,,0.07,0.69,0.048,0.052,0.01,18
8/07/2014,Container,16,0.98,,1.5,0.054,0.067,0.02,20
22/07/2008,Container,8,0.7,,1.4,0.029,0.031,,22
3/08/2011,Container,11,0.77,,1.7,0.015,0.048,,29
14/02/2017,Container,29,1.9,2.3,4.5,0.11,0.12,0.016,33
11/04/2016,Container,6,0.28,,0.31,0.022,0.006,0.006,
3/10/2006,Container,8,0.27,,0.39,0.02,0.009,0.006,
25/01/2006,Container,,,0.02,0.26,0.018,0.02,0.006,
14/03/2017,Container,24,1.2,0.24,1.6,0.051,0.021,0.009,
8/11/2016,Container,8,0.36,,0.4,0.026,0.012,0.011,
20/12/2016,Container,7,0.4,,0.48,0.019,0.021,0.012,
23/01/2012,Container,14,0.73,,0.91,0.012,0.005,,
9/05/2016,Container,16,0.61,,0.69,0.041,0.006,,
7/10/2009,Container,8,0.43,,0.55,0.019,0.01,,
16/09/2008,Container,9,0.41,0.031,0.5,,0.01,,
9/06/2009,Container,6,0.31,,0.42,0.026,0.011,,
9/05/2011,Container,3,0.14,,0.17,0.017,0.013,,
10/04/2017,Container,19,0.91,0.059,1,0.031,0.013,,
6/07/2010,Container,11,0.57,0.45,1.1,,0.015,,
8/02/2011,Container,4,0.24,,0.31,,0.017,,
8/06/2011,Container,6,0.27,,0.44,0.031,0.02,,
22/06/2010,Container,14,0.74,,1.3,,0.021,,
12/01/2011,Container,5,0.18,,0.26,,0.022,,
1/03/2017,Container,25,1.6,0.46,2.1,0.094,0.026,,
1/06/2006,Container,,,,0.32,,0.012,,
16/10/1996,Container,,,,0.37,0.049,0.008,0.003,
22/01/1997,Container,,,,0.085,0.005,0.01,0.003,
27/11/1996,Container,,,,0.37,0.048,0.011,0.003,
26/09/1996,Container,,,,0.48,0.056,0.012,0.003,
3/10/1996,Container,,,,0.56,0.03,0.013,0.003,
9/10/1996,Container,,,,0.61,0.12,0.018,0.003,
20/02/1997,Container,,,0.005,0.4,0.005,0.019,0.003,
11/12/1996,Container,,,,0.49,0.071,0.019,0.003,
11/09/1996,Container,,,,0.55,0.042,0.02,0.003,
23/10/1996,Container,,,,0.51,0.096,0.02,0.003,
1/11/1992,Container,,,,0.26,0.02,0.005,0.005,
12/10/1992,Container,,,,0.42,0.02,0.005,0.005,
27/09/1993,Container,,,,0.44,0.02,0.005,0.005,
3/10/1992,Container,,,,0.51,0.02,0.005,0.005,
21/09/1992,Container,,,,0.54,0.02,0.005,0.005,
27/10/1992,Container,,,,0.41,0.03,0.005,0.005,
30/11/1992,Container,,,,0.33,0.04,0.005,0.005,
8/11/1992,Container,,,,0.35,0.04,0.005,0.005,
27/11/1997,Container,,,,0.25,0.02,0.008,0.005,
30/06/2000,Container,,,0.65,1.2,,0.008,0.005,
4/07/1990,Container,,,,0.26,0.01,0.01,0.005,
20/09/1993,Container,,,,0.43,0.01,0.01,0.005,
23/06/1993,Container,,,,0.5,0.01,0.01,0.005,
1/07/1993,Container,,,,0.53,0.01,0.01,0.005,
29/06/1993,Container,,,,0.63,0.01,0.01,0.005,
26/08/1993,Container,,,,0.67,0.01,0.01,0.005,
7/07/1993,Container,,,,0.72,0.01,0.01,0.005,
21/07/1993,Container,,,,0.89,0.01,0.01,0.005,
4/12/2003,Container,,,,0.25,0.015,0.01,0.005,
22/05/1990,Container,,,,0.54,0.019,0.01,0.005,
28/08/1992,Container,,,,0.65,0.019,0.01,0.005,
26/07/1992,Container,,,,2.2,0.019,0.01,0.005,
20/06/1990,Container,,,,0.33,0.02,0.01,0.005,
15/11/1992,Container,,,,0.34,0.02,0.01,0.005,
4/10/1993,Container,,,,0.44,0.02,0.01,0.005,
16/06/1993,Container,,,,0.58,0.02,0.01,0.005,
11/07/1990,Container,,,,0.68,0.02,0.01,0.005,
20/08/1993,Container,,,,0.69,0.02,0.01,0.005,
8/06/1993,Container,,,,0.89,0.02,0.01,0.005,
1/08/1992,Container,,,,0.93,0.02,0.01,0.005,
25/10/1991,Container,,,,0.41,0.022,0.01,0.005,
13/09/1991,Container,,,,0.47,0.024,0.01,0.005,
27/06/1990,Container,,,,0.52,0.026,0.01,0.005,
6/09/1991,Container,,,,0.53,0.027,0.01,0.005,
17/08/1991,Container,,,,0.55,0.027,0.01,0.005,
27/09/1991,Container,,,,0.53,0.028,0.01,0.005,
20/05/1999,Container,,,0.03,0.27,0.029,0.01,0.005,
12/10/1991,Container,,,,0.56,0.03,0.01,0.005,
20/09/1991,Container,,,,0.58,0.03,0.01,0.005,
23/08/1991,Container,,,,0.6,0.03,0.01,0.005,
16/08/1993,Container,,,,0.84,0.03,0.01,0.005,
26/07/1993,Container,,,,0.91,0.03,0.01,0.005,
17/07/1993,Container,,,,0.92,0.03,0.01,0.005,
19/10/1992,Container,,,,0.4,0.04,0.01,0.005,
26/08/1992,Container,,,,0.57,0.04,0.01,0.005,
13/05/2004,Container,,,0.11,0.29,0.036,0.011,0.005,
12/10/2001,Container,,,0.012,0.57,0.086,0.011,0.005,
7/11/1996,Container,,,,0.42,0.061,0.013,0.005,
7/06/2001,Container,,,0.042,0.49,0.06,0.014,0.005,
1/06/2005,Container,,,0.85,1.6,0.12,0.015,0.005,
14/01/2000,Container,,,0.011,0.45,0.032,0.017,0.005,
20/08/1997,Container,,,,1.1,0.038,0.017,0.005,
15/07/2004,Container,,,1.1,1.6,0.042,0.017,0.005,
2/08/1993,Container,,,,0.65,0.01,0.02,0.005,
4/09/1990,Container,,,,0.32,0.013,0.02,0.005,
25/03/1999,Container,,,,0.16,0.016,0.02,0.005,
11/09/1990,Container,,,,0.41,0.016,0.02,0.005,
22/08/1990,Container,,,,0.39,0.017,0.02,0.005,
16/08/1992,Container,,,,0.65,0.019,0.02,0.005,
5/09/1992,Container,,,,0.77,0.019,0.02,0.005,
19/07/1992,Container,,,,0.84,0.019,0.02,0.005,
10/10/1990,Container,,,,0.32,0.02,0.02,0.005,
4/10/1990,Container,,,,0.38,0.02,0.02,0.005,
13/12/1999,Container,,,,0.48,0.02,0.02,0.005,
24/09/1990,Container,,,,0.55,0.02,0.02,0.005,
11/09/1992,Container,,,,0.67,0.02,0.02,0.005,
9/08/1992,Container,,,,0.81,0.02,0.02,0.005,
29/08/1990,Container,,,,0.49,0.021,0.02,0.005,
8/08/1990,Container,,,,0.5,0.024,0.02,0.005,
17/10/1990,Container,,,,0.35,0.026,0.02,0.005,
15/08/1990,Container,,,,0.65,0.03,0.02,0.005,
4/01/2002,Container,,,,0.36,0.044,0.02,0.005,
27/06/1992,Container,,,,1.1,0.06,0.02,0.005,
9/10/1997,Container,,,,0.79,0.026,0.023,0.005,
19/01/2001,Container,,,,0.45,0.039,0.025,0.005,
9/08/1993,Container,,,,0.75,0.01,0.03,0.005,
25/07/1990,Container,,,,1.1,0.02,0.03,0.005,
30/05/1993,Container,,,,1.5,,0.03,0.005,
28/01/2000,Container,,,0.1,1,0.062,0.031,0.005,
13/09/1993,Container,,,,0.59,0.02,0.04,0.005,
6/09/1993,Container,,,,0.71,0.03,0.04,0.005,
1/08/1990,Container,,,,0.79,0.04,0.04,0.005,
4/06/1993,Container,,,,0.83,,0.04,0.005,
30/08/1993,Container,,,,0.74,0.04,0.05,0.005,
12/07/1992,Container,,,,1.9,0.04,0.05,0.005,
22/11/1992,Container,,,,0.33,0.04,0.07,0.005,
14/07/1992,Container,,,,2.1,0.12,0.12,0.005,
19/12/1996,Container,,,,,0.07,,0.005,
13/11/2000,Container,,,0.05,0.29,0.035,0.007,0.006,
29/09/2000,Container,,,0.13,0.52,0.022,0.008,0.006,
1/10/2004,Container,,,0.065,0.33,0.013,0.01,0.006,
3/12/1997,Container,,,,0.29,0.017,0.01,0.006,
27/07/2000,Container,,,4.2,4.7,0.052,0.01,0.006,
21/12/2000,Container,,,,0.17,,0.011,0.006,
9/07/1999,Container,,,1.3,1.8,,0.011,0.006,
21/08/1998,Container,,,0.1,0.51,0.018,0.014,0.006,
17/12/2001,Container,,,,0.14,0.055,0.014,0.006,
4/02/1999,Container,,,,0.32,0.059,0.014,0.006,
16/03/2001,Container,,,,0.31,0.075,0.014,0.006,
19/04/2000,Container,,,0.027,1.4,0.11,0.016,0.006,
2/09/2003,Container,,,0.15,0.67,0.014,0.017,0.006,
17/09/1997,Container,,,,0.6,0.032,0.018,0.006,
2/07/1997,Container,,,0.32,0.79,0.054,0.018,0.006,
27/12/2002,Container,,,,0.21,0.018,0.019,0.006,
9/03/2000,Container,,,0.065,0.78,0.036,0.021,0.006,
5/11/1997,Container,,,0.025,0.61,0.012,0.024,0.006,
4/02/2002,Container,,,,0.43,0.042,0.026,0.006,
14/08/1996,Container,,,,2.1,0.051,0.027,0.006,
16/06/2000,Container,,,0.55,1.2,0.067,0.042,0.006,
1/10/1999,Container,,,0.16,0.32,0.059,0.008,0.007,
6/11/2003,Container,,,,0.51,0.027,0.01,0.007,
15/08/2000,Container,,,1.8,2.2,0.036,0.012,0.007,
2/03/2001,Container,,,,0.29,0.038,0.013,0.007,
30/11/1999,Container,,,0.018,0.5,0.022,0.014,0.007,
16/09/2003,Container,,,0.028,0.44,0.013,0.015,0.007,
6/02/2001,Container,,,,0.61,0.036,0.015,0.007,
19/11/2003,Container,,,0.024,0.32,0.039,0.015,0.007,
29/04/2004,Container,,,0.1,0.35,0.071,0.015,0.007,
2/02/2005,Container,,,,0.2,0.018,0.016,0.007,
29/10/1997,Container,,,,0.44,0.027,0.016,0.007,
25/06/2003,Container,,,0.11,0.51,0.03,0.016,0.007,
10/12/1997,Container,,,,0.26,0.014,0.018,0.007,
23/10/1997,Container,,,,0.51,0.036,0.019,0.007,
31/03/2004,Container,,,,0.19,0.028,0.022,0.007,
17/01/2002,Container,,,,0.62,0.043,0.026,0.007,
18/08/1999,Container,,,0.68,1.6,0.022,0.039,0.007,
24/02/2000,Container,,,0.3,1.7,0.06,0.05,0.007,
14/10/2003,Container,,,0.085,0.47,0.036,0.008,0.008,
4/10/2002,Container,,,0.08,0.32,0.043,0.009,0.008,
24/11/2000,Container,,,0.025,0.39,0.048,0.01,0.008,
5/01/2001,Container,,,,0.21,0.013,0.011,0.008,
10/06/2003,Container,,,0.18,0.6,0.058,0.011,0.008,
11/06/1999,Container,,,0.54,0.91,,0.011,0.008,
1/11/2002,Container,,,0.054,0.37,0.016,0.013,0.008,
17/09/1999,Container,,,0.21,0.74,0.043,0.013,0.008,
20/08/2003,Container,,,0.2,0.46,0.045,0.015,0.008,
20/09/2002,Container,,,0.1,0.56,0.059,0.019,0.008,
22/06/2001,Container,,,0.13,0.85,0.076,0.02,0.008,
17/06/1999,Container,,,0.94,1.4,,0.021,0.008,
20/02/2004,Container,,,,0.31,0.041,0.025,0.008,
11/06/1997,Container,,,0.61,1,0.02,0.026,0.008,
5/06/1997,Container,,,,0.82,0.025,0.027,0.008,
24/07/1996,Container,,,,2.2,0.061,0.045,0.008,
29/11/2002,Container,,,,0.21,0.034,0.012,0.009,
8/12/2000,Container,,,,0.59,0.041,0.013,0.009,
5/04/2002,Container,,,,0.45,0.019,0.014,0.009,
20/02/2001,Container,,,,0.43,0.048,0.015,0.009,
16/04/2004,Container,,,,0.068,0.013,0.016,0.009,
8/06/1990,Container,,,,0.85,0.03,0.017,0.009,
7/03/2003,Container,,,,0.4,0.037,0.02,0.009,
18/06/1997,Container,,,0.8,1.4,0.046,0.02,0.009,
16/11/2001,Container,,,,0.45,0.053,0.021,0.009,
11/03/1999,Container,,,0.019,0.21,0.029,0.022,0.009,
1/08/2003,Container,,,0.61,1,0.015,0.024,0.009,
18/04/2002,Container,,,,0.049,0.027,0.024,0.009,
28/08/1997,Container,,,,0.79,0.024,0.035,0.009,
21/08/1996,Container,,,0.61,1.7,0.028,0.036,0.009,
18/10/1991,Container,,,,0.46,0.025,0.01,0.01,
7/06/1991,Container,,,,0.7,0.053,0.01,0.01,
12/07/1991,Container,,,,1.3,0.06,0.01,0.01,
31/05/1991,Container,,,,0.96,0.08,0.01,0.01,
13/05/2003,Container,,,0.42,1.2,0.072,0.013,0.01,
2/05/2003,Container,,,0.51,1.7,0.061,0.015,0.01,
4/12/2001,Container,,,0.022,0.21,0.14,0.017,0.01,
31/07/1997,Container,,,0.27,0.67,,0.017,0.01,
10/01/2003,Container,,,,0.25,0.016,0.02,0.01,
15/03/2002,Container,,,,0.4,0.03,0.02,0.01,
21/01/2005,Container,,,,0.26,0.032,0.02,0.01,
5/07/1991,Container,,,,0.85,0.046,0.02,0.01,
6/07/1992,Container,,,,2,0.05,0.02,0.01,
7/08/1991,Container,,,,1.1,0.053,0.02,0.01,
13/06/1990,Container,,,,0.85,0.02,0.023,0.01,
24/06/1997,Container,,,0.63,1.2,,0.024,0.01,
1/09/2000,Container,,,0.47,1,0.041,0.027,0.01,
18/06/1990,Container,,,,0.56,0.02,0.03,0.01,
1/03/2002,Container,,,,0.07,0.03,0.03,0.01,
1/07/2004,Container,,,0.8,1.6,0.053,0.03,0.01,
2/08/1991,Container,,,,0.96,0.046,0.04,0.01,
14/06/1991,Container,,,,1.3,0.089,0.04,0.01,
10/06/2004,Container,,,0.62,1.6,0.055,0.056,0.01,
23/08/2002,Container,,,0.35,0.43,0.049,0.019,0.011,
14/08/2002,Container,,,0.25,0.77,0.057,0.019,0.011,
28/06/2002,Container,,,0.047,0.47,0.36,0.021,0.011,
14/08/1997,Container,,,,0.81,0.048,0.026,0.011,
30/06/2003,Container,,,0.14,0.73,0.037,0.038,0.011,
3/09/1998,Container,,,0.29,1.1,0.056,0.043,0.011,
13/11/1996,Container,,,,0.36,0.069,0.008,0.012,
10/09/1998,Container,,,0.31,1.3,0.058,0.018,0.012,
30/09/2003,Container,,,0.031,0.42,0.027,0.019,0.012,
20/03/2003,Container,,,,0.23,0.015,0.021,0.012,
16/04/2003,Container,,,0.5,2.5,1.5,0.03,0.012,
6/08/1997,Container,,,0.18,1.1,0.013,0.077,0.012,
9/07/1997,Container,,,,,,,0.012,
10/09/1997,Container,,,,0.66,0.01,0.025,0.013,
2/07/1996,Container,,,,2.4,0.16,0.035,0.013,
24/06/1999,Container,,,0.64,1.3,,0.036,0.013,
24/01/2003,Container,,,,0.19,0.014,0.019,0.014,
1/10/1998,Container,,,0.059,0.89,0.018,0.082,0.016,
19/07/1991,Container,,,,1.1,0.051,0.05,0.02,
23/07/1997,Container,,,,,,,0.02,
10/07/2003,Container,,,1,1.7,0.054,0.035,0.021,
6/02/2004,Container,,,,0.26,0.039,0.025,0.025,
6/08/1998,Container,,,0.15,0.86,0.05,0.073,0.026,
20/01/2004,Container,,,,0.23,0.02,0.027,0.027,
28/06/1991,Container,,,,1.3,0.079,0.09,0.03,
7/01/2004,Container,,,,0.27,0.036,0.035,0.031,
13/07/2000,Container,,,3.5,4,0.067,0.046,0.031,
25/07/2002,Container,,,0.52,1.1,0.074,0.062,0.034,
30/04/1997,Container,,,,,,,0.035,
28/05/1997,Container,,,,,,,0.037,
12/07/2002,Container,,,0.34,1.4,0.1,0.11,0.039,
16/07/1999,Container,,,0.64,1.9,0.078,0.082,0.043,
14/05/1997,Container,,,,,,,0.05,
3/09/1999,Container,,,0.35,1.2,0.077,0.11,0.054,
14/08/1991,Container,,,,0.825,0.04,0.14,0.06,
6/04/1997,Container,,,,,,,0.06,
30/08/1991,Container,,,,0.42,0.021,0.15,0.07,
17/07/1996,Container,,,,2.2,0.23,0.12,0.074,
26/07/1991,Container,,,,1.3,0.061,0.27,0.1,
19/06/1996,Container,,,,,2.825,,0.134,
19/05/1997,Container,,,,0.43,,0.01,,
7/02/2003,Container,,,,0.18,0.014,0.005,,
27/10/2000,Container,,,0.028,0.37,0.028,0.005,,
19/11/1996,Container,,,,0.16,0.044,0.005,,
27/11/1998,Container,,,0.013,0.37,0.012,0.006,,
22/10/1998,Container,,,0.021,0.38,0.02,0.006,,
15/10/1998,Container,,,0.028,0.47,0.025,0.006,,
13/05/1999,Container,,,0.053,0.12,0.034,0.006,,
25/02/1999,Container,,,,0.39,0.037,0.007,,
29/01/1999,Container,,,,0.26,0.025,0.008,,
27/05/1999,Container,,,0.041,0.39,0.037,0.008,,
9/12/1998,Container,,,0.011,0.38,0.038,0.008,,
4/05/2000,Container,,,0.036,0.56,0.048,0.008,,
13/10/2000,Container,,,0.023,0.39,0.019,0.009,,
21/05/1998,Container,,,0.043,0.45,0.03,0.009,,
6/08/1999,Container,,,1,1.3,0.042,0.009,,
29/05/1996,Container,,,,0.32,0.082,0.009,,
25/06/1998,Container,,,0.61,1,0.098,0.009,,
14/01/1999,Container,,,,0.31,0.015,0.01,,
14/10/2004,Container,,,0.07,0.28,0.022,0.01,,
14/04/2005,Container,,,0.047,0.28,0.023,0.01,,
22/05/1996,Container,,,,0.38,0.057,0.01,,
2/07/1998,Container,,,0.38,0.83,0.08,0.01,,
19/11/1997,Container,,,,0.24,,0.01,,
12/11/1997,Container,,,,0.27,0.012,0.011,,
19/03/1997,Container,,,,0.13,0.014,0.011,,
20/11/1998,Container,,,0.024,0.36,0.015,0.011,,
2/06/2000,Container,,,0.045,0.43,0.029,0.011,,
18/09/2000,Container,,,0.35,0.73,0.034,0.011,,
22/04/1999,Container,,,0.089,0.44,0.038,0.011,,
6/06/1996,Container,,,,0.31,,0.011,,
30/10/1998,Container,,,0.035,0.38,0.011,0.012,,
29/10/1999,Container,,,0.083,0.53,0.028,0.012,,
21/01/1999,Container,,,,0.36,0.036,0.012,,
26/04/1996,Container,,,,0.28,0.038,0.012,,
27/05/2004,Container,,,0.17,0.35,0.039,0.012,,
24/12/1998,Container,,,,0.53,0.049,0.012,,
5/09/1996,Container,,,,0.78,0.055,0.012,,
31/12/1998,Container,,,,0.42,,0.012,,
5/08/2004,Container,,,0.5,1,0.023,0.013,,
14/05/1998,Container,,,0.052,0.29,0.029,0.013,,
17/04/1998,Container,,,0.029,0.22,0.033,0.013,,
27/05/2003,Container,,,0.074,0.63,0.17,0.013,,
28/01/1998,Container,,,,0.16,,0.013,,
2/12/2004,Container,,,0.018,0.3,,0.013,,
3/11/2004,Container,,,0.058,0.38,,0.013,,
19/08/2004,Container,,,0.4,1,,0.013,,
16/11/1999,Container,,,0.02,0.48,0.012,0.014,,
25/09/1998,Container,,,0.059,0.43,0.025,0.014,,
12/11/1998,Container,,,0.011,0.33,0.028,0.014,,
31/03/2000,Container,,,0.068,0.77,0.03,0.014,,
7/01/1999,Container,,,,0.19,0.043,0.014,,
26/06/1996,Container,,,,1.6,0.22,0.014,,
17/12/2004,Container,,,,0.23,0.018,0.015,,
13/08/1998,Container,,,0.13,0.58,0.023,0.015,,
30/07/1998,Container,,,0.14,0.6,0.029,0.015,,
17/12/1998,Container,,,0.017,0.47,0.03,0.015,,
12/04/2001,Container,,,,0.4,0.038,0.015,,
28/04/2005,Container,,,0.046,0.3,0.048,0.015,,
26/02/1998,Container,,,,0.21,,0.015,,
8/04/1999,Container,,,,0.17,0.014,0.016,,
15/10/1997,Container,,,,0.46,0.045,0.016,,
4/12/1996,Container,,,,0.36,0.051,0.016,,
23/07/1999,Container,,,0.79,2.7,0.025,0.017,,
18/11/2004,Container,,,0.033,0.4,0.026,0.017,,
13/12/2002,Container,,,,0.26,0.036,0.017,,
27/08/1998,Container,,,0.1,0.56,0.05,0.017,,
31/05/2002,Container,,,0.48,1.1,0.057,0.017,,
14/05/2001,Container,,,0.13,0.33,0.058,0.017,,
31/10/1996,Container,,,,0.56,0.083,0.017,,
23/04/1997,Container,,,,0.36,0.013,0.018,,
1/10/1997,Container,,,,0.65,0.023,0.018,,
10/02/1999,Container,,,,1,0.03,0.018,,
10/07/1996,Container,,,1.85,2.6,0.1,0.018,,
22/12/2003,Container,,,0.01,0.33,,0.018,,
6/01/2005,Container,,,,0.29,0.01,0.019,,
23/07/1998,Container,,,0.32,0.79,0.029,0.019,,
17/09/1998,Container,,,0.21,0.63,0.034,0.019,,
25/05/2001,Container,,,0.046,0.47,0.043,0.019,,
2/07/1999,Container,,,1.3,1.9,,0.019,,
29/08/1996,Container,,,,0.98,0.031,0.02,,
10/03/2004,Container,,,,0.22,0.022,0.021,,
5/05/1997,Container,,,,0.3,,0.021,,
23/03/1998,Container,,,0.064,0.37,0.029,0.022,,
4/06/1998,Container,,,0.059,0.48,0.067,0.022,,
15/10/1999,Container,,,0.12,0.94,0.01,0.025,,
4/09/1997,Container,,,,0.7,0.038,0.025,,
24/09/1997,Container,,,,0.63,0.013,0.026,,
15/02/2002,Container,,,,0.44,0.069,0.026,,
12/06/1996,Container,,,,0.6,0.064,0.028,,
16/07/1997,Container,,,0.49,0.91,0.013,0.029,,
4/06/1999,Container,,,0.13,0.78,,0.029,,
17/05/2002,Container,,,1.2,3,0.18,0.03,,
8/08/1996,Container,,,,2.9,0.067,0.031,,
11/05/2005,Container,,,1.3,2.5,0.42,0.032,,
18/09/1996,Container,,,,0.56,0.078,0.047,,
18/06/1998,Container,,,1.1,1.6,0.038,0.048,,
10/06/1998,Container,,,0.22,1.1,0.065,0.053,,
2/08/1996,Container,,,,2.6,0.041,0.061,,
11/02/2000,Container,,,0.5,2.3,0.064,0.062,,
3/05/2002,Container,,,1.2,5.2,1.6,0.064,,
6/05/1999,Container,,,0.018,0.2,0.023,,,
9/10/1998,Container,,,0.013,0.21,0.026,,,
28/05/1998,Container,,,0.071,0.35,0.029,,,
19/05/2000,Container,,,0.033,0.38,0.03,,,
5/11/1998,Container,,,0.023,0.32,0.032,,,
4/12/1998,Container,,,0.023,0.21,0.033,,,
16/07/1998,Container,,,0.44,0.86,0.061,,,
15/05/1996,Container,,,,0.43,0.065,,,
13/08/1996,Container,,,,,0.49,,,
30/05/1996,Container,,,,,0.6,,,
15/07/1996,Container,,,,,1,,,
4/10/1996,Container,,,,,1.35,,,
11/11/1996,Container,,,,,1.5,,,
30/10/1996,Container,,,,,2.1,,,
31/07/1996,Container,,,,,2.25,,,
7/10/1996,Container,,,,,2.25,,,
9/09/1996,Container,,,,,3,,,
22/08/1996,Container,,,,,,,,
3/11/2000,Container,,,,0.12,,0.005,,
29/07/1998,Container,,,,0.14,,0.005,,
8/11/2000,Container,,,,0.14,,0.005,,
18/10/2000,Container,,,,0.26,,0.005,,
4/10/2000,Container,,,,0.27,,0.005,,
6/10/2000,Container,,,,0.29,,0.005,,
14/11/2000,Container,,,,0.29,,0.005,,
10/10/2000,Container,,,,0.36,,0.005,,
5/10/2000,Container,,,,0.39,,0.005,,
8/11/1999,Container,,,,0.41,,0.005,,
29/09/1998,Container,,,,0.55,,0.005,,
28/09/2000,Container,,,,0.55,,0.005,,
21/09/2000,Container,,,,0.66,,0.005,,
2/08/1999,Container,,,,1.7,,0.005,,
31/07/1998,Container,,,,0.18,,0.006,,
15/11/2000,Container,,,,0.22,,0.006,,
9/10/2000,Container,,,,0.26,,0.006,,
12/10/2000,Container,,,,0.29,,0.006,,
25/10/1999,Container,,,,0.34,,0.006,,
3/10/2000,Container,,,,0.35,,0.006,,
11/10/2000,Container,,,,0.35,,0.006,,
20/09/2000,Container,,,,0.43,,0.006,,
26/09/2000,Container,,,,0.58,,0.006,,
22/09/2000,Container,,,,0.63,,0.006,,
30/08/1999,Container,,,,0.85,,0.006,,
16/09/1998,Container,,,,0.92,,0.006,,
21/08/2000,Container,,,,1.6,,0.006,,
10/11/2000,Container,,,,0.16,,0.007,,
17/01/2001,Container,,,,0.16,,0.007,,
9/11/2000,Container,,,,0.23,,0.007,,
27/09/2000,Container,,,,0.35,,0.007,,
26/08/1998,Container,,,,0.4,,0.007,,
25/09/2000,Container,,,,0.6,,0.007,,
14/08/2000,Container,,,,1,,0.007,,
22/08/2000,Container,,,,1.5,,0.007,,
23/08/2000,Container,,,,1.5,,0.007,,
24/08/2000,Container,,,,1.5,,0.007,,
25/08/2000,Container,,,,1.5,,0.007,,
2/08/2000,Container,,,,2.9,,0.007,,
5/06/1998,Container,,,,0.15,,0.008,,
25/05/1998,Container,,,,0.17,,0.008,,
28/07/1998,Container,,,,0.18,,0.008,,
28/10/1998,Container,,,,0.19,,0.008,,
29/05/2000,Container,,,,0.2,,0.008,,
16/10/2000,Container,,,,0.23,,0.008,,
18/01/2001,Container,,,,0.27,,0.008,,
13/10/1997,Container,,,,0.28,,0.008,,
1/11/1999,Container,,,,0.32,,0.008,,
29/10/1998,Container,,,,0.34,,0.008,,
24/11/1997,Container,,,,0.39,,0.008,,
21/07/1998,Container,,,,0.4,,0.008,,
1/09/1997,Container,,,,0.41,,0.008,,
26/08/1997,Container,,,,0.48,,0.008,,
21/07/1997,Container,,,,0.55,,0.008,,
4/10/1999,Container,,,,0.6,,0.008,,
27/08/1997,Container,,,,0.62,,0.008,,
29/08/2000,Container,,,,1.1,,0.008,,
10/08/2000,Container,,,,1.5,,0.008,,
7/11/2000,Container,,,,0.13,,0.009,,
3/01/2001,Container,,,,0.15,,0.009,,
22/01/2001,Container,,,,0.18,,0.009,,
22/05/2000,Container,,,,0.19,,0.009,,
4/12/2000,Container,,,,0.21,,0.009,,
15/01/2001,Container,,,,0.22,,0.009,,
12/06/2000,Container,,,,0.23,,0.009,,
1/11/2000,Container,,,,0.24,,0.009,,
16/01/2001,Container,,,,0.25,,0.009,,
17/10/2000,Container,,,,0.26,,0.009,,
26/10/2000,Container,,,,0.29,,0.009,,
31/01/2001,Container,,,,0.29,,0.009,,
8/05/2000,Container,,,,0.3,,0.009,,
20/10/2000,Container,,,,0.33,,0.009,,
15/07/1998,Container,,,,0.36,,0.009,,
22/11/1999,Container,,,,0.39,,0.009,,
19/10/2000,Container,,,,0.4,,0.009,,
17/11/1997,Container,,,,0.41,,0.009,,
13/06/2000,Container,,,,0.45,,0.009,,
25/08/1997,Container,,,,0.47,,0.009,,
17/07/1998,Container,,,,0.53,,0.009,,
15/05/2000,Container,,,,0.59,,0.009,,
1/07/1998,Container,,,,0.63,,0.009,,
9/07/1998,Container,,,,0.7,,0.009,,
19/09/2000,Container,,,,0.75,,0.009,,
15/09/1998,Container,,,,0.86,,0.009,,
28/08/2000,Container,,,,1.2,,0.009,,
26/11/1987,Container,,,,0.45,0.02,0.01,,
17/11/1987,Container,,,,0.72,0.02,0.01,,
20/10/1987,Container,,,,0.79,0.02,0.01,,
22/12/1987,Container,,,,0.8,0.02,0.01,,
15/12/1987,Container,,,,1.3,0.02,0.01,,
16/02/1988,Container,,,,1.3,0.02,0.01,,
13/10/1987,Container,,,,2,0.02,0.01,,
19/04/1988,Container,,,,3,0.02,0.01,,
3/02/1988,Container,,,,3.7,0.02,0.01,,
10/12/1985,Container,,,,1.55,0.03,0.01,,
13/03/1987,Container,,,,0.28,0.04,0.01,,
28/12/1987,Container,,,,0.59,0.04,0.01,,
2/11/1987,Container,,,,1.3,0.04,0.01,,
14/01/1988,Container,,,,0.4,0.05,0.01,,
24/03/1987,Container,,,,0.54,0.05,0.01,,
1/03/1988,Container,,,,0.65,0.05,0.01,,
4/10/1983,Container,,,,0.76,0.05,0.01,,
14/03/1988,Container,,,,0.76,0.05,0.01,,
4/11/1986,Container,,,,1.29,0.05,0.01,,
10/11/1987,Container,,,,1.1,0.06,0.01,,
26/03/1985,Container,,,,0.38,0.07,0.01,,
7/06/1983,Container,,,,0.64,0.07,0.01,,
18/03/1987,Container,,,,0.44,0.08,0.01,,
28/10/1985,Container,,,,0.6,0.08,0.01,,
24/07/1984,Container,,,,1.04,0.08,0.01,,
5/12/1984,Container,,,,0.78,0.09,0.01,,
21/10/1986,Container,,,,0.67,0.1,0.01,,
7/05/1985,Container,,,,0.69,0.1,0.01,,
1/12/1987,Container,,,,0.65,0.11,0.01,,
21/05/1986,Container,,,,0.68,0.11,0.01,,
3/05/1988,Container,,,,1.3,0.13,0.01,,
28/10/1983,Container,,,,1.1,0.15,0.01,,
4/04/1984,Container,,,,0.88,0.23,0.01,,
9/08/1988,Container,,,,1.465,0.43,0.01,,
12/07/1988,Container,,,,1.129,0.48,0.01,,
5/07/1988,Container,,,,3.428,0.78,0.01,,
2/11/2000,Container,,,,0.18,,0.01,,
28/11/2000,Container,,,,0.2,,0.01,,
15/11/1999,Container,,,,0.23,,0.01,,
6/12/2000,Container,,,,0.23,,0.01,,
27/10/1998,Container,,,,0.24,,0.01,,
10/01/2000,Container,,,,0.24,,0.01,,
4/11/1998,Container,,,,0.25,,0.01,,
2/11/1998,Container,,,,0.28,,0.01,,
20/12/1999,Container,,,,0.35,,0.01,,
6/12/1999,Container,,,,0.36,,0.01,,
7/12/2000,Container,,,,0.36,,0.01,,
23/06/1998,Container,,,,0.37,,0.01,,
10/11/1997,Container,,,,0.39,,0.01,,
29/12/1998,Container,,,,0.4,,0.01,,
29/11/1999,Container,,,,0.41,,0.01,,
24/10/2000,Container,,,,0.42,,0.01,,
12/09/1997,Container,,,,0.49,,0.01,,
23/10/2000,Container,,,,0.55,,0.01,,
4/08/2000,Container,,,,0.59,,0.01,,
6/07/1998,Container,,,,0.68,,0.01,,
9/08/2000,Container,,,,1.3,,0.01,,
26/07/2000,Container,,,,3.5,,0.01,,
31/07/1984,Container,,,,,,0.01,,
14/05/1985,Container,,,,,,0.01,,
21/05/1985,Container,,,,,,0.01,,
27/05/1985,Container,,,,,,0.01,,
1/10/1985,Container,,,,,,0.01,,
18/02/1986,Container,,,,,,0.01,,
31/12/1988,Container,,,,,,0.01,,
6/01/1989,Container,,,,,,0.01,,
24/01/1989,Container,,,,,,0.01,,
14/02/1989,Container,,,,,,0.01,,
21/03/1989,Container,,,,,,0.01,,
11/04/1989,Container,,,,,,0.01,,
26/04/1989,Container,,,,,,0.01,,
9/05/1989,Container,,,,,,0.01,,
26/05/1989,Container,,,,,,0.01,,
27/06/1989,Container,,,,,,0.01,,
11/07/1989,Container,,,,,,0.01,,
18/07/1989,Container,,,,,,0.01,,
29/08/1989,Container,,,,,,0.01,,
5/09/1989,Container,,,,,,0.01,,
19/09/1989,Container,,,,,,0.01,,
26/09/1989,Container,,,,,,0.01,,
21/10/1989,Container,,,,,,0.01,,
31/12/1989,Container,,,,,,0.01,,
25/05/1999,Container,,,,0.14,,0.011,,
24/01/2001,Container,,,,0.16,,0.011,,
9/01/2001,Container,,,,0.17,,0.011,,
6/11/2000,Container,,,,0.19,,0.011,,
5/12/2000,Container,,,,0.19,,0.011,,
23/11/2000,Container,,,,0.22,,0.011,,
29/11/2000,Container,,,,0.22,,0.011,,
23/01/2001,Container,,,,0.22,,0.011,,
25/01/2001,Container,,,,0.23,,0.011,,
25/11/1998,Container,,,,0.26,,0.011,,
7/02/2001,Container,,,,0.26,,0.011,,
24/07/1998,Container,,,,0.35,,0.011,,
15/12/1997,Container,,,,0.38,,0.011,,
25/08/1998,Container,,,,0.41,,0.011,,
25/10/2000,Container,,,,0.44,,0.011,,
10/04/2000,Container,,,,0.48,,0.011,,
12/09/2000,Container,,,,0.69,,0.011,,
4/07/1997,Container,,,,0.85,,0.011,,
14/09/2000,Container,,,,0.9,,0.011,,
23/08/1999,Container,,,,1,,0.011,,
15/09/2000,Container,,,,1,,0.011,,
18/08/2000,Container,,,,1.8,,0.011,,
28/07/2000,Container,,,,3.1,,0.011,,
18/11/2000,Container,,,,0.13,,0.012,,
15/12/2000,Container,,,,0.16,,0.012,,
19/12/2000,Container,,,,0.17,,0.012,,
8/01/2001,Container,,,,0.17,,0.012,,
11/01/2001,Container,,,,0.17,,0.012,,
19/11/1998,Container,,,,0.18,,0.012,,
22/12/2000,Container,,,,0.18,,0.012,,
29/01/2001,Container,,,,0.18,,0.012,,
31/05/1999,Container,,,,0.21,,0.012,,
26/11/2000,Container,,,,0.21,,0.012,,
27/07/1998,Container,,,,0.24,,0.012,,
24/08/1998,Container,,,,0.27,,0.012,,
12/01/2001,Container,,,,0.27,,0.012,,
16/06/1998,Container,,,,0.3,,0.012,,
27/11/2000,Container,,,,0.34,,0.012,,
5/09/1997,Container,,,,0.35,,0.012,,
11/05/1998,Container,,,,0.35,,0.012,,
18/05/1998,Container,,,,0.39,,0.012,,
6/06/2000,Container,,,,0.39,,0.012,,
26/06/1998,Container,,,,0.42,,0.012,,
14/07/1998,Container,,,,0.44,,0.012,,
8/12/1997,Container,,,,0.45,,0.012,,
4/01/1999,Container,,,,0.45,,0.012,,
13/07/1998,Container,,,,0.46,,0.012,,
17/06/1998,Container,,,,0.54,,0.012,,
22/08/1997,Container,,,,0.63,,0.012,,
24/06/1998,Container,,,,0.64,,0.012,,
22/06/1998,Container,,,,0.7,,0.012,,
1/07/1997,Container,,,,0.92,,0.012,,
11/09/2000,Container,,,,1.1,,0.012,,
1/08/2000,Container,,,,2.6,,0.012,,
31/07/2000,Container,,,,3.3,,0.012,,
13/12/2000,Container,,,,0.17,,0.013,,
27/04/1999,Container,,,,0.21,,0.013,,
6/11/1998,Container,,,,0.28,,0.013,,
4/05/1998,Container,,,,0.32,,0.013,,
3/11/1998,Container,,,,0.32,,0.013,,
1/02/2001,Container,,,,0.33,,0.013,,
30/06/1998,Container,,,,0.34,,0.013,,
9/11/1998,Container,,,,0.34,,0.013,,
22/07/1997,Container,,,,0.36,,0.013,,
30/12/1997,Container,,,,0.38,,0.013,,
3/11/1997,Container,,,,0.39,,0.013,,
20/07/1998,Container,,,,0.46,,0.013,,
12/12/2000,Container,,,,0.46,,0.013,,
11/10/1999,Container,,,,0.48,,0.013,,
17/07/1997,Container,,,,0.64,,0.013,,
22/06/2000,Container,,,,0.64,,0.013,,
21/08/1997,Container,,,,0.65,,0.013,,
23/06/2000,Container,,,,0.66,,0.013,,
19/06/1998,Container,,,,0.71,,0.013,,
21/09/1998,Container,,,,0.71,,0.013,,
30/06/1997,Container,,,,0.8,,0.013,,
13/09/2000,Container,,,,1.1,,0.013,,
30/10/2000,Container,,,,0.12,,0.014,,
9/02/1998,Container,,,,0.13,,0.014,,
14/04/1998,Container,,,,0.15,,0.014,,
31/10/2000,Container,,,,0.16,,0.014,,
12/02/2001,Container,,,,0.16,,0.014,,
10/01/2001,Container,,,,0.17,,0.014,,
10/05/1999,Container,,,,0.19,,0.014,,
14/12/2000,Container,,,,0.21,,0.014,,
2/02/2001,Container,,,,0.21,,0.014,,
13/02/2001,Container,,,,0.21,,0.014,,
17/05/1999,Container,,,,0.24,,0.014,,
2/06/1998,Container,,,,0.28,,0.014,,
20/10/1997,Container,,,,0.32,,0.014,,
24/09/1998,Container,,,,0.33,,0.014,,
8/06/1998,Container,,,,0.38,,0.014,,
11/01/1998,Container,,,,0.42,,0.014,,
17/04/2000,Container,,,,0.49,,0.014,,
10/07/1998,Container,,,,0.51,,0.014,,
10/12/1998,Container,,,,0.56,,0.014,,
8/07/1998,Container,,,,0.65,,0.014,,
3/07/1997,Container,,,,0.81,,0.014,,
8/08/2000,Container,,,,1.2,,0.014,,
6/04/1998,Container,,,,0.12,,0.015,,
3/05/1999,Container,,,,0.17,,0.015,,
26/11/1998,Container,,,,0.23,,0.015,,
11/12/2000,Container,,,,0.23,,0.015,,
10/11/1998,Container,,,,0.29,,0.015,,
21/02/2001,Container,,,,0.3,,0.015,,
18/12/2000,Container,,,,0.31,,0.015,,
8/06/1999,Container,,,,0.32,,0.015,,
16/11/1998,Container,,,,0.35,,0.015,,
18/07/1997,Container,,,,0.4,,0.015,,
3/07/1998,Container,,,,0.42,,0.015,,
14/06/2000,Container,,,,0.44,,0.015,,
22/02/2001,Container,,,,0.45,,0.015,,
9/09/1997,Container,,,,0.48,,0.015,,
18/08/1998,Container,,,,0.52,,0.015,,
30/09/1998,Container,,,,0.6,,0.015,,
24/07/1997,Container,,,,0.61,,0.015,,
30/08/2000,Container,,,,1.1,,0.015,,
5/09/2000,Container,,,,1.2,,0.015,,
26/07/1999,Container,,,,2.1,,0.015,,
25/07/2000,Container,,,,2.9,,0.015,,
21/04/1998,Container,,,,0.18,,0.016,,
3/06/1998,Container,,,,0.21,,0.016,,
17/11/1998,Container,,,,0.22,,0.016,,
5/02/2001,Container,,,,0.39,,0.016,,
8/06/2000,Container,,,,0.4,,0.016,,
11/09/1997,Container,,,,0.46,,0.016,,
17/08/1998,Container,,,,0.52,,0.016,,
3/04/2000,Container,,,,0.64,,0.016,,
28/03/2000,Container,,,,0.68,,0.016,,
29/06/2000,Container,,,,0.71,,0.016,,
10/07/2000,Container,,,,4.8,,0.016,,
19/01/1998,Container,,,,0.19,,0.017,,
18/02/1998,Container,,,,0.19,,0.017,,
12/04/1999,Container,,,,0.19,,0.017,,
31/03/1998,Container,,,,0.25,,0.017,,
12/06/1998,Container,,,,0.28,,0.017,,
16/02/1999,Container,,,,0.32,,0.017,,
24/11/1998,Container,,,,0.33,,0.017,,
11/07/1997,Container,,,,0.34,,0.017,,
18/11/1998,Container,,,,0.36,,0.017,,
22/12/1997,Container,,,,0.41,,0.017,,
3/08/1998,Container,,,,0.45,,0.017,,
14/09/1998,Container,,,,0.47,,0.017,,
1/08/1997,Container,,,,0.5,,0.017,,
8/12/1998,Container,,,,0.57,,0.017,,
18/08/1997,Container,,,,0.58,,0.017,,
27/07/1997,Container,,,,0.65,,0.017,,
9/08/1999,Container,,,,0.81,,0.017,,
19/02/2001,Container,,,,0.33,,0.018,,
23/11/1998,Container,,,,0.34,,0.018,,
22/02/1999,Container,,,,0.34,,0.018,,
17/01/2000,Container,,,,0.49,,0.018,,
19/08/1997,Container,,,,0.69,,0.018,,
4/09/2000,Container,,,,1.1,,0.018,,
14/08/1999,Container,,,,1.2,,0.018,,
2/02/1998,Container,,,,0.2,,0.019,,
27/01/1998,Container,,,,0.23,,0.019,,
2/12/1998,Container,,,,0.31,,0.019,,
27/10/1997,Container,,,,0.35,,0.019,,
8/02/2001,Container,,,,0.36,,0.019,,
28/02/2000,Container,,,,0.38,,0.019,,
21/12/1998,Container,,,,0.5,,0.019,,
11/12/1998,Container,,,,0.52,,0.019,,
14/08/1998,Container,,,,0.55,,0.019,,
24/01/2000,Container,,,,0.55,,0.019,,
15/06/1998,Container,,,,0.58,,0.019,,
8/09/2000,Container,,,,1.1,,0.019,,
19/07/2000,Container,,,,2.6,,0.019,,
29/03/1988,Container,,,,0.5,0.02,0.02,,
6/10/1987,Container,,,,0.57,0.02,0.02,,
22/07/1987,Container,,,,0.64,0.02,0.02,,
8/11/1983,Container,,,,0.66,0.02,0.02,,
18/10/1983,Container,,,,0.99,0.02,0.02,,
3/06/1986,Container,,,,1.42,0.02,0.02,,
27/10/1987,Container,,,,0.71,0.03,0.02,,
10/02/1987,Container,,,,0.92,0.03,0.02,,
22/09/1987,Container,,,,1,0.03,0.02,,
9/07/1986,Container,,,,1.5,0.03,0.02,,
23/09/1986,Container,,,,0.44,0.04,0.02,,
27/05/1986,Container,,,,0.71,0.04,0.02,,
15/11/1983,Container,,,,0.91,0.04,0.02,,
8/09/1987,Container,,,,6.72,0.04,0.02,,
27/01/1987,Container,,,,0.34,0.05,0.02,,
31/12/1985,Container,,,,0.43,0.05,0.02,,
29/04/1986,Container,,,,0.64,0.05,0.02,,
10/05/1988,Container,,,,1.8,0.05,0.02,,
13/01/1987,Container,,,,0.31,0.06,0.02,,
6/04/1987,Container,,,,0.39,0.06,0.02,,
30/12/1986,Container,,,,0.47,0.06,0.02,,
18/03/1986,Container,,,,0.87,0.06,0.02,,
9/09/1986,Container,,,,0.5,0.07,0.02,,
30/09/1987,Container,,,,0.51,0.07,0.02,,
3/07/1984,Container,,,,0.7,0.07,0.02,,
17/07/1984,Container,,,,1.15,0.07,0.02,,
18/12/1984,Container,,,,0.45,0.08,0.02,,
26/05/1987,Container,,,,0.86,0.08,0.02,,
4/04/1986,Container,,,,1.08,0.08,0.02,,
22/04/1985,Container,,,,0.52,0.09,0.02,,
7/05/1986,Container,,,,0.83,0.09,0.02,,
2/12/1986,Container,,,,0.32,0.1,0.02,,
13/05/1986,Container,,,,0.61,0.1,0.02,,
11/10/1983,Container,,,,1.1,0.1,0.02,,
30/08/1987,Container,,,,0.59,0.11,0.02,,
1/10/1986,Container,,,,0.63,0.11,0.02,,
17/12/1986,Container,,,,0.7,0.11,0.02,,
17/06/1986,Container,,,,0.72,0.11,0.02,,
17/06/1987,Container,,,,0.89,0.11,0.02,,
3/09/1985,Container,,,,2.97,0.11,0.02,,
11/06/1985,Container,,,,0.55,0.12,0.02,,
5/09/1988,Container,,,,2.317,0.12,0.02,,
16/01/1985,Container,,,,0.41,0.13,0.02,,
24/08/1987,Container,,,,1.7,0.13,0.02,,
7/07/1987,Container,,,,0.82,0.14,0.02,,
10/06/1986,Container,,,,1.23,0.14,0.02,,
23/06/1987,Container,,,,1.08,0.15,0.02,,
13/10/1986,Container,,,,0.64,0.16,0.02,,
30/08/1988,Container,,,,0.755,0.16,0.02,,
5/06/1985,Container,,,,0.59,0.17,0.02,,
7/10/1986,Container,,,,0.75,0.18,0.02,,
22/04/1986,Container,,,,0.8,0.2,0.02,,
22/08/1988,Container,,,,0.91,0.2,0.02,,
8/05/1984,Container,,,,1.02,0.22,0.02,,
29/07/1986,Container,,,,1.17,0.22,0.02,,
12/11/1985,Container,,,,0.85,0.24,0.02,,
16/08/1988,Container,,,,1.026,0.25,0.02,,
17/08/1987,Container,,,,1.6,0.32,0.02,,
1/05/1987,Container,,,,1.92,0.33,0.02,,
22/10/1985,Container,,,,0.89,0.41,0.02,,
19/07/1988,Container,,,,2.02,0.44,0.02,,
2/08/1988,Container,,,,2.059,0.55,0.02,,
11/08/1987,Container,,,,1.4,0.56,0.02,,
31/05/1988,Container,,,,3.8,1,0.02,,
9/03/1998,Container,,,,0.13,,0.02,,
23/02/2001,Container,,,,0.33,,0.02,,
1/02/1999,Container,,,,0.36,,0.02,,
10/07/1997,Container,,,,0.45,,0.02,,
10/08/1998,Container,,,,0.52,,0.02,,
20/03/2000,Container,,,,0.59,,0.02,,
8/09/1997,Container,,,,0.63,,0.02,,
14/08/1984,Container,,,,,,0.02,,
21/08/1984,Container,,,,,,0.02,,
28/02/1985,Container,,,,,,0.02,,
12/03/1985,Container,,,,,,0.02,,
24/09/1985,Container,,,,,,0.02,,
8/10/1985,Container,,,,,,0.02,,
15/10/1985,Container,,,,,,0.02,,
4/02/1986,Container,,,,,,0.02,,
7/03/1986,Container,,,,,,0.02,,
12/03/1986,Container,,,,,,0.02,,
26/02/1987,Container,,,,,,0.02,,
4/03/1987,Container,,,,,,0.02,,
19/05/1987,Container,,,,,,0.02,,
9/06/1987,Container,,,,,,0.02,,
27/07/1987,Container,,,,,,0.02,,
4/10/1988,Container,,,,,,0.02,,
28/02/1989,Container,,,,,,0.02,,
29/05/1989,Container,,,,,,0.02,,
7/06/1989,Container,,,,,,0.02,,
8/08/1989,Container,,,,,,0.02,,
15/08/1989,Container,,,,,,0.02,,
22/08/1989,Container,,,,,,0.02,,
12/09/1989,Container,,,,,,0.02,,
6/04/1999,Container,,,,0.21,,0.021,,
19/04/1999,Container,,,,0.21,,0.021,,
29/06/1998,Container,,,,0.28,,0.021,,
28/08/1999,Container,,,,0.33,,0.021,,
30/11/1998,Container,,,,0.35,,0.021,,
13/03/2000,Container,,,,0.4,,0.021,,
3/09/1997,Container,,,,0.52,,0.021,,
14/06/1999,Container,,,,0.53,,0.021,,
2/10/1998,Container,,,,0.56,,0.021,,
20/09/1999,Container,,,,0.61,,0.021,,
6/09/1999,Container,,,,0.63,,0.021,,
7/02/2000,Container,,,,1.1,,0.021,,
28/06/2000,Container,,,,1.1,,0.021,,
14/02/2000,Container,,,,1.4,,0.021,,
23/02/1998,Container,,,,0.16,,0.022,,
22/03/1999,Container,,,,0.25,,0.022,,
1/04/1999,Container,,,,0.28,,0.022,,
7/12/1998,Container,,,,0.36,,0.022,,
11/06/1998,Container,,,,0.54,,0.022,,
9/09/1998,Container,,,,1.2,,0.022,,
3/08/2000,Container,,,,2.1,,0.022,,
12/07/2000,Container,,,,2.4,,0.022,,
30/01/2001,Container,,,,0.23,,0.023,,
3/03/1998,Container,,,,0.26,,0.023,,
25/07/1997,Container,,,,0.35,,0.023,,
15/12/1998,Container,,,,0.54,,0.023,,
21/06/2000,Container,,,,0.58,,0.023,,
4/08/1998,Container,,,,0.63,,0.023,,
29/08/1997,Container,,,,0.64,,0.023,,
17/08/2000,Container,,,,0.76,,0.023,,
7/03/2000,Container,,,,0.89,,0.023,,
21/07/2000,Container,,,,3.3,,0.023,,
13/11/1998,Container,,,,0.34,,0.024,,
31/01/2000,Container,,,,1.1,,0.024,,
8/09/1998,Container,,,,1.2,,0.024,,
21/11/2000,Container,,,,0.41,,0.025,,
7/08/2000,Container,,,,1,,0.025,,
3/12/1998,Container,,,,0.28,,0.026,,
12/08/1997,Container,,,,0.57,,0.026,,
5/08/1998,Container,,,,0.58,,0.026,,
21/02/2000,Container,,,,0.9,,0.026,,
1/12/1998,Container,,,,0.39,,0.027,,
25/01/1999,Container,,,,0.46,,0.027,,
23/06/1997,Container,,,,1.3,,0.027,,
27/06/2000,Container,,,,1.8,,0.027,,
14/02/2001,Container,,,,0.3,,0.028,,
13/08/1997,Container,,,,0.61,,0.028,,
16/12/1998,Container,,,,0.62,,0.028,,
19/07/1999,Container,,,,0.91,,0.028,,
21/06/1999,Container,,,,1,,0.028,,
6/09/2000,Container,,,,1.3,,0.028,,
13/07/1999,Container,,,,1.4,,0.028,,
7/07/2000,Container,,,,1.9,,0.028,,
1/12/2000,Container,,,,0.32,,0.029,,
11/09/1998,Container,,,,1.1,,0.029,,
18/07/2000,Container,,,,2.1,,0.029,,
20/07/2000,Container,,,,4.8,,0.029,,
26/08/1986,Container,,,,0.76,0.05,0.03,,
13/08/1985,Container,,,,0.9,0.05,0.03,,
10/07/1984,Container,,,,1.35,0.05,0.03,,
30/01/1985,Container,,,,0.39,0.06,0.03,,
2/09/1986,Container,,,,0.58,0.06,0.03,,
30/04/1985,Container,,,,0.73,0.06,0.03,,
15/09/1987,Container,,,,0.78,0.07,0.03,,
22/05/1984,Container,,,,1.46,0.09,0.03,,
25/06/1985,Container,,,,0.8,0.1,0.03,,
18/11/1986,Container,,,,0.58,0.11,0.03,,
19/07/1983,Container,,,,4.5,0.12,0.03,,
15/05/1984,Container,,,,0.8,0.13,0.03,,
6/09/1983,Container,,,,1.2,0.16,0.03,,
18/06/1985,Container,,,,0.81,0.17,0.03,,
23/07/1985,Container,,,,0.49,0.18,0.03,,
30/06/1987,Container,,,,0.83,0.2,0.03,,
10/05/1987,Container,,,,1.94,0.21,0.03,,
22/01/1986,Container,,,,1.45,0.31,0.03,,
22/04/1987,Container,,,,2.08,0.41,0.03,,
21/04/1987,Container,,,,2,0.49,0.03,,
9/07/1985,Container,,,,1.47,0.61,0.03,,
2/06/1987,Container,,,,2.27,0.82,0.03,,
13/05/1988,Container,,,,2,0.9,0.03,,
16/05/1988,Container,,,,4.2,1.2,0.03,,
28/06/1988,Container,,,,2.627,1.3,0.03,,
24/05/1988,Container,,,,13,8.2,0.03,,
16/03/1998,Container,,,,0.12,,0.03,,
16/03/1999,Container,,,,0.35,,0.03,,
6/07/2000,Container,,,,0.72,,0.03,,
16/08/1983,Container,,,,,,0.03,,
16/07/1984,Container,,,,,,0.03,,
10/09/1985,Container,,,,,,0.03,,
20/02/1987,Container,,,,,,0.03,,
23/05/1989,Container,,,,,,0.03,,
20/06/1989,Container,,,,,,0.03,,
4/07/1989,Container,,,,,,0.03,,
28/07/1989,Container,,,,,,0.03,,
4/10/1989,Container,,,,,,0.03,,
8/08/1997,Container,,,,0.44,,0.031,,
30/07/1997,Container,,,,0.53,,0.031,,
7/06/2000,Container,,,,0.54,,0.032,,
9/02/2001,Container,,,,0.35,,0.033,,
2/09/1997,Container,,,,0.65,,0.033,,
14/07/2000,Container,,,,3.3,,0.033,,
9/06/2000,Container,,,,0.35,,0.034,,
12/08/1998,Container,,,,0.64,,0.034,,
15/07/1997,Container,,,,0.72,,0.034,,
7/07/1998,Container,,,,0.77,,0.034,,
29/07/1997,Container,,,,0.85,,0.034,,
4/09/1998,Container,,,,1.2,,0.034,,
16/02/2001,Container,,,,0.43,,0.035,,
4/08/1997,Container,,,,0.78,,0.035,,
28/09/1999,Container,,,,0.52,,0.036,,
8/07/1997,Container,,,,0.63,,0.037,,
13/09/1999,Container,,,,0.88,,0.038,,
7/09/1998,Container,,,,1.3,,0.038,,
7/09/2000,Container,,,,1.3,,0.038,,
11/08/1997,Container,,,,0.54,,0.039,,
12/08/1986,Container,,,,0.82,0.04,0.04,,
22/07/1986,Container,,,,1.11,0.05,0.04,,
14/06/1983,Container,,,,0.58,0.06,0.04,,
26/06/1984,Container,,,,2.12,0.11,0.04,,
1/07/1986,Container,,,,1,0.13,0.04,,
30/07/1985,Container,,,,1.23,0.13,0.04,,
24/06/1986,Container,,,,0.84,0.25,0.04,,
14/07/1987,Container,,,,1.3,0.37,0.04,,
26/07/1988,Container,,,,5.081,0.46,0.04,,
13/02/1985,Container,,,,1.15,0.63,0.04,,
20/06/2000,Container,,,,0.8,,0.04,,
31/08/2000,Container,,,,1.1,,0.04,,
16/07/1986,Container,,,,,,0.04,,
22/07/1998,Container,,,,0.6,,0.041,,
7/08/1998,Container,,,,0.72,,0.041,,
20/08/1998,Container,,,,0.64,,0.044,,
23/09/1998,Container,,,,0.72,,0.044,,
19/08/1998,Container,,,,0.65,,0.048,,
16/08/2000,Container,,,,1.3,,0.049,,
19/06/1984,Container,,,,1.86,0.06,0.05,,
13/09/1983,Container,,,,1.01,0.1,0.05,,
17/09/1986,Container,,,,1.25,0.17,0.05,,
12/07/1983,Container,,,,4.6,0.2,0.05,,
24/08/1983,Container,,,,1.41,0.23,0.05,,
6/08/1985,Container,,,,3.22,0.26,0.05,,
26/06/1997,Container,,,,1.4,,0.05,,
18/06/1983,Container,,,,,,0.05,,
3/08/1983,Container,,,,,,0.05,,
30/08/1983,Container,,,,,,0.05,,
7/08/1984,Container,,,,,,0.05,,
18/09/1985,Container,,,,,,0.05,,
25/07/1989,Container,,,,,,0.05,,
5/07/2000,Container,,,,0.82,,0.053,,
31/08/1998,Container,,,,0.69,,0.055,,
7/08/1997,Container,,,,0.74,,0.055,,
23/09/2003,Container,,,,0.77,,0.055,,
28/07/1997,Container,,,,0.77,,0.056,,
25/06/1997,Container,,,,1.1,,0.057,,
28/06/1999,Container,,,,1.4,,0.059,,
12/06/1984,Container,,,,1.8,0.14,0.06,,
19/08/1986,Container,,,,0.98,0.17,0.06,,
16/07/1985,Container,,,,0.88,0.25,0.06,,
5/08/1987,Container,,,,2,0.6,0.06,,
15/06/2000,Container,,,,1.4,,0.06,,
14/12/1998,Container,,,,0.78,,0.065,,
17/07/2000,Container,,,,2.2,,0.066,,
2/09/1998,Container,,,,1.2,,0.068,,
4/01/1985,Container,,,,0.9,0.12,0.07,,
11/07/2000,Container,,,,4.5,,0.07,,
2/06/1983,Container,,,,,,0.07,,
9/08/1983,Container,,,,,,0.07,,
24/07/2000,Container,,,,3.5,,0.074,,
11/08/2000,Container,,,,1.5,,0.075,,
1/09/1998,Container,,,,1,,0.077,,
3/07/2000,Container,,,,1.2,,0.078,,
11/08/1998,Container,,,,0.92,,0.079,,
7/07/1997,Container,,,,1.1,,0.079,,
29/09/1988,Container,,,,1.078,0.09,0.08,,
22/06/1983,Container,,,,1.38,0.09,0.08,,
29/05/1984,Container,,,,1.43,0.09,0.08,,
5/08/1986,Container,,,,1.45,0.18,0.09,,
21/06/1988,Container,,,,4.357,1.3,0.09,,
11/11/1998,Container,,,,0.37,,0.092,,
14/07/1997,Container,,,,0.99,,0.095,,
28/08/1998,Container,,,,1,,0.095,,
27/08/1985,Container,,,,1.07,0.03,0.1,,
19/08/1985,Container,,,,1.08,0.11,0.1,,
2/07/1985,Container,,,,1.85,0.13,0.1,,
7/09/1983,Container,,,,1.3,0.31,0.1,,
13/08/1987,Container,,,,,,0.1,,
4/07/2000,Container,,,,1.3,,0.11,,
31/07/1987,Container,,,,,,0.11,,
5/07/1983,Container,,,,4.9,0.29,0.12,,
15/08/1997,Container,,,,1.4,,0.13,,
28/07/1983,Container,,,,,,0.13,,
3/07/1983,Container,,,,6,0.04,0.14,,
1/05/1984,Container,,,,4.53,0.6,0.14,,
5/08/1997,Container,,,,1.2,,0.15,,
22/09/1998,Container,,,,1.3,,0.15,,
13/06/1988,Container,,,,2.8,1,0.16,,
24/07/1988,Container,,,,2.511,0.27,0.17,,
5/07/1999,Container,,,,1.7,,0.17,,
10/04/1985,Container,,,,2.97,0.42,0.18,,
18/10/2002,Container,,,,1.7,,0.18,,
5/08/1983,Container,,,,,,0.2,,
1/07/1985,Container,,,,1.8,0.14,0.24,,
10/04/1987,Container,,,,3.63,,0.25,,
1/12/1997,Container,,,,1.2,,0.27,,
8/04/1987,Container,,,,1.66,0.06,0.29,,
13/07/1985,Container,,,,1.19,0.12,0.29,,
24/07/1983,Container,,,,,,0.3,,
28/06/1983,Container,,,,,,0.32,,
5/06/1984,Container,,,,2.74,0.24,0.38,,
8/10/1998,Container,,,,0.26,,,,
19/10/1998,Container,,,,0.27,,,,
16/09/1997,Container,,,,0.29,,,,
25/09/1997,Container,,,,0.32,,,,
18/10/1999,Container,,,,0.32,,,,
2/10/1997,Container,,,,0.33,,,,
26/09/1997,Container,,,,0.34,,,,
12/10/1998,Container,,,,0.34,,,,
26/10/1998,Container,,,,0.34,,,,
27/09/1997,Container,,,,0.35,,,,
20/10/1998,Container,,,,0.35,,,,
30/09/1997,Container,,,,0.36,,,,
16/10/1998,Container,,,,0.36,,,,
3/10/1997,Container,,,,0.37,,,,
21/10/1998,Container,,,,0.37,,,,
18/09/1997,Container,,,,0.39,,,,
23/09/1997,Container,,,,0.42,,,,
6/10/1997,Container,,,,0.43,,,,
6/10/1998,Container,,,,0.43,,,,
13/10/1998,Container,,,,0.43,,,,
23/10/1998,Container,,,,0.43,,,,
19/09/1997,Container,,,,0.46,,,,
14/10/1998,Container,,,,0.46,,,,
7/10/1998,Container,,,,0.49,,,,
5/10/1998,Container,,,,0.51,,,,
18/09/1998,Container,,,,0.86,,,,
23/01/1997,Container,,,,,0.22,,,
3/12/1996,Container,,,,,1.2,,,
15/11/1988,Container,,,,0.535,0.02,,,
23/02/1987,Container,,,,0.6,0.03,,,
15/07/1986,Container,,,,2.01,0.04,,,
1/11/1988,Container,,,,0.574,0.05,,,
4/02/1985,Container,,,,0.36,0.06,,,
26/03/1987,Container,,,,0.39,0.06,,,
15/05/1985,Container,,,,0.79,0.06,,,
13/09/1988,Container,,,,0.6,0.07,,,
20/09/1988,Container,,,,0.703,0.07,,,
13/03/1986,Container,,,,0.64,0.08,,,
27/09/1988,Container,,,,0.755,0.08,,,
21/11/1984,Container,,,,0.36,0.09,,,
15/04/1986,Container,,,,0.44,0.1,,,
11/10/1988,Container,,,,0.677,0.1,,,
18/10/1988,Container,,,,0.69,0.1,,,
18/02/1985,Container,,,,0.48,0.12,,,
27/09/1983,Container,,,,0.81,0.14,,,
24/07/1987,Container,,,,0.65,0.19,,,
20/09/1983,Container,,,,0.89,0.2,,,
22/06/1985,Container,,,,1.3,0.23,,,
15/03/1985,Container,,,,1.17,0.29,,,
10/06/1988,Container,,,,1.5,0.79,,,
7/06/1988,Container,,,,1.8,0.79,,,
